SMILES,tpsa,tpsa_bounds,logp,logp_bounds,molweight,molweight_bounds,all_bounds
Nc1nccc2sc(CN3CCC(NS(=O)(=O)c4cc5ccccc5s4)C3=O)cc12,105.39,False,3.1726,True,458.0541034,False,False
CC(C)N1CCC(NC(=O)c2cc3cc(C(=O)O)ccc3n2CCNC(=O)c2cccc(Cl)c2)CC1,103.67,False,4.0255,False,510.2033832,False,False
O=C(NC1CCN(CC(F)(F)F)CC1)c1cc2ccccc2n1Cc1cc(-c2ccc(Cl)s2)on1,63.3,False,5.816,False,522.1104093,False,False
CNC(=O)c1cc(C(=O)NC2CCN(C(C)C)CC2)n(Cc2cc(-c3ccc(Cl)s3)on2)n1,105.29,False,3.2635,True,490.1553874,False,False
CC(C)N1CCC(NC(=O)c2cc3cc(OCC(=O)O)ccc3n2Cc2cc(-c3ccc(Cl)s3)on2)CC1,109.83,False,5.1255,False,556.1547187,False,False
O=C(Nc1ccc(-c2c[nH]cn2)cc1)c1nn(Cc2cc(-c3ccc(Cl)s3)on2)c2ccccc12,101.63,False,6.0969,False,500.0822225,False,False
CC(C)(Oc1ccc2c(c1)cc(C(=O)NC1CCN(C3CC3)CC1)n2CC(=O)Nc1ccc(Cl)cn1)C(=O)O,125.79,False,3.927,True,553.2091968,False,False
CC(C)N1CCC(NC(=O)c2cc(C(=O)N3CCC4(CCCC4)CC3)nn2Cc2cc(-c3ccc(Cl)s3)on2)CC1,96.5,False,5.7003,False,598.2492878,False,False
CC(C)N1CCC(NS(=O)(=O)CCNC(=O)c2ccc(Cl)s2)CC1,78.51,False,1.9235,False,393.0947613,True,False
COC(=O)c1cc(NC(=O)CCNC(=O)c2ccc(Cl)s2)ccc1N1CCOCC1=O,114.04,False,2.3099,True,465.076134,False,False
O=C(NCC(NC1CCCCC1)C(=O)Nc1ccc(N2CCOCC2=O)cc1)c1ccc(Cl)s1,99.77,False,3.4241,True,504.1598041,False,False
CCN1CCC(NC(=O)c2cc3ccccc3n2Cc2cc(-c3ccc(Cl)s3)on2)C1,63.3,False,4.8835,False,454.1230247,False,False
COc1nccc(-c2ccc(S(=O)(=O)NC3CCN(Cc4cccc(C(=N)N)c4)C3=O)s2)n1,151.36,False,1.57717,False,486.1143952,False,False
CCNC(=O)C1CN(S(=O)(=O)c2cc3ccc(Cl)cc3s2)CC(=O)N1Cc1ccc2c(N)ccnc2c1,125.7,False,3.2229,True,557.0958239,False,False
Cc1nc(-c2ncc(C(=O)NC3CCN(C(C)C)CC3)n2Cc2cc(-c3ccc(Cl)s3)on2)cs1,89.08,False,5.33582,False,530.1325438,False,False
CC(C)N1CCC(NC(=O)c2cnc(C3CC3)n2Cc2cc(-c3ccc(Cl)s3)on2)CC1,76.19,False,4.7813,False,473.1652238,False,False
COCCOCc1cc(C(=O)NC2CCN(C(C)C)CC2)n(CC(=O)Nc2ccc(Cl)cn2)n1,110.61,False,2.3358,True,492.2251812,False,False
COCCOc1cccc2c1nc(C(=O)Nc1ccc(N3CCOCC3=O)cc1)n2CC(=O)Nc1ccc(Cl)cn1,136.91,False,3.3641,True,578.1680603,False,False
CCS(=O)(=O)c1ncc(C(=O)NC2CCN(C(C)C)CC2)n1Cc1cc(-c2ccc(Cl)s2)on1,110.33,False,3.6975,True,525.1271241,False,False
Cc1cc(Br)cnc1NC(=O)Cn1c(C(=O)NC2CCN(C(C)C)CC2)nc2c(OCCO)cccc21,121.61,False,3.11462,True,572.1746656,False,False
COC(=O)c1cccc2c1nc(C(=O)NC1CCN(C(C)C)CC1)n2Cc1cc(-c2ccc(Cl)s2)on1,102.49,False,4.8437,False,541.1550531,False,False
O=C(O)c1ccc2c(c1)nc(C(=O)NC1CCN(C3CC3)CC1)n2Cc1cc(-c2ccc(Cl)s2)on1,113.49,False,4.5093,False,525.1237529,False,False
CC(C)N1CCC(NC(=O)c2cc(C(=O)NCCS(N)(=O)=O)nn2Cc2cc(-c3ccc(Cl)s3)on2)CC1,165.45,False,1.9222,False,583.1438367,False,False
CC(C)N1CCC(NC(=O)c2cn(Cc3cc(-c4ccc(Cl)s4)on3)cn2)CC1,76.19,False,3.9039,True,433.1339237,False,False
O=C(O)c1ccc2c(c1)cc(C(=O)NC1CCN(c3ccncc3)CC1)n2Cc1cc(-c2ccc(Cl)s2)on1,113.49,False,5.5515,False,561.1237529,False,False
CC(C)N1CCC(NC(=O)c2cc3cc(C(=O)OCC4COC(=O)O4)ccc3n2Cc2cc(-c3ccc(Cl)s3)on2)CC1,125.13,False,5.3543,False,626.160198,False,False
COCCOc1cccc2c1cc(C(=O)NC1CCN(C(C)C)CC1)n2Cc1cccc(OC)c1,64.96,False,4.326,False,479.2784067,False,False
CC(C)N1CCC(NC(=O)c2cc(C(=O)N3CC(C(=O)O)C3)nn2Cc2cc(-c3ccc(Cl)s3)on2)CC1,133.8,False,3.0605,True,560.1608667,False,False
COc1ccc(-c2ccc(C(=O)NCCc3ccc4[nH]cc(C(=N)N)c4c3)cc2)cn1,116.88,False,3.49507,True,413.185175,True,False
N=C(N)c1ccc(O)c(CN2CCC(NS(=O)(=O)c3cc4cnccc4s3)C2=O)c1,149.47,False,1.36537,False,445.0878461,False,False
CC(C)N1CCC(NC(=O)c2cc(C(=O)O)nn2Cc2cc(-c3ccc(Cl)s3)on2)CC1,113.49,False,3.6021,True,477.1237529,False,False
O=C(Cn1c(C(=O)NC2CCN(C3CC3)CC2)nc2c(C(=O)O)cccc21)Nc1ccc(Cl)cn1,129.45,False,2.7782,True,496.162581,False,False
CC(C)OC(=O)c1c(C(=O)NC2CCN(C(C)C)CC2)n(Cc2cc(-c3ccc(Cl)s3)on2)c2ccccc12,89.6,False,6.2273,False,568.1911042,False,False
O=C1CN(S(=O)(=O)c2cc3ccc(Cl)nc3s2)CCN1Cc1nc(-c2ccncc2)cs1,96.36,False,3.5013,True,505.0103801,False,False
COc1cccc(Cn2nc(C(=O)O)cc2C(=O)NC2CCN(C(C)C)CC2)c1,96.69,False,2.2408,True,400.2110554,True,False
COCCOc1ccc2c(c1)cc(C(=O)NC1CCN(C(C)C)CC1)n2Cc1cc2ccc(Cl)cc2s1,55.73,True,6.1855,False,539.2009406,False,False
CC(C)NCC1CN(S(=O)(=O)c2cc3ccc(Cl)cc3s2)CC(=O)N1Cc1ccc2c(N)ncnc2c1,121.52,False,3.4798,True,558.1274584,False,False
O=C1CN(S(=O)(=O)c2cc3ccc(Cl)cc3s2)CCN1Cc1nc(C(=O)N2CCCC2)cs1,90.89,False,3.2803,True,524.0413458,False,False
CC(C)(C)OC(=O)N1CCC(NS(=O)(=O)CCNC(=O)c2ccc(Cl)s2)CC1,104.81,False,2.4502,True,451.1002406,False,False
COc1ccc(NC(=O)Cn2c(C(=O)NC3CCN(C(C)C)CC3)cc3ccccc32)cc1,75.6,False,3.8912,True,448.2474409,False,False
N=C(N)c1ccc(N)c(CN2CCC(NS(=O)(=O)c3ccc(-c4cccs4)s3)C2=O)c1,142.37,False,2.42227,True,475.0806525,False,False
CC(C)N1CCC(NC(=O)c2cc(C(=O)NS(C)(=O)=O)nn2Cc2cc(-c3ccc(Cl)s3)on2)CC1,139.43,False,2.5933,True,554.1172876,False,False
COc1cccc(Cn2c(C(=O)NC3CCN(C(C)C)CC3)nc3c(C(=O)O)cccc32)c1,96.69,False,3.394,True,450.2267054,False,False
O=C(CCNC(=O)c1ccc(Cl)s1)Nc1ccc(NCCOCCO)cc1CO,119.92,False,2.0732,True,441.1125195,False,False
CC(C)N1CCC(NC(=O)c2nn(Cc3cc(-c4ccc(Cl)s4)on3)c3cccc(-c4noc(=O)[nH]4)c23)CC1,135.08,False,4.4004,False,567.145551,False,False
CC(C)N1CCC(NC(=O)c2nc3c(OCCO)cccc3n2CC(=O)Nc2ccc(Cl)cn2)CC1,121.61,False,2.6971,True,514.2095312,False,False
CC(C)N1CCC(NC(=O)c2nc3c(C(=O)NCCO)cccc3n2Cc2cc(-c3ccc(Cl)s3)on2)CC1,125.52,False,3.7792,True,570.1816022,False,False
CC(C)N1CCC(NC(=O)c2nn(Cc3cc(-c4ccc(Cl)s4)on3)c3ccc(C(=O)N4CCC4C(=O)O)cc23)CC1,133.8,False,4.3562,False,610.1765168,False,False
O=C(O)c1ccc2nc(C(=O)NC3CCN(C4CC4)CC3)n(Cc3cc(-c4ccc(Cl)s4)no3)c2c1,113.49,False,4.5093,False,525.1237529,False,False
Nc1ncnc2cc(CN3C(=O)CN(S(=O)(=O)c4cc5ccc(Cl)cc5s4)CC3C(=O)OCCN3CCCC3)ccc12,139.03,False,3.1208,True,628.1329377,False,False
CC(C)N1CCC(NC(=O)c2cc3cc(C(=O)O)cnc3n2Cc2cc(-c3ccc(Cl)s3)on2)CC1,113.49,False,4.7553,False,527.139403,False,False
COCCOc1ccc2c(c1)cc(C(=O)NC1CCN(C(C)C)CC1)n2CC(=O)Nc1ccc(Cl)cn1,97.72,False,3.9562,True,527.2299322,False,False
CC(C)N1CCC(NS(=O)(=O)CCNC(=O)c2ccc(Br)o2)CC1,91.65,False,1.5641,False,421.0670893,False,False
CC(C)N1CCC(NC(=O)c2nc3cccnc3n2Cc2cc(-c3ccc(Cl)s3)on2)CC1,89.08,False,4.4521,False,484.1448227,False,False
CC(C)NC1CCN(C(=O)c2cc3ccnc(OCC4CC4)c3n2Cc2cc(-c3ccc(Cl)s3)on2)CC1,85.42,False,5.8459,False,553.1914386,False,False
CC(C)N1CCC(N(C)S(=O)(=O)CCNC(=O)c2ccc(Cl)s2)CC1,69.72,False,2.2657,True,407.1104114,True,False
CCOC(=O)COc1ccc2c(c1)cc(C(=O)NC1CCN(C(C)C)CC1)n2Cc1cc(-c2ccc(Cl)s2)on1,98.83,False,5.604,False,584.1860188,False,False
NC(=O)N1CCN(C(=O)c2nc3ccccc3n2Cc2cc(-c3ccc(Cl)s3)on2)CC1,110.49,False,3.291,True,470.0927871,False,False
CC(C)N1CCC(NC(=O)c2nc3ccnc(OCCO)c3n2Cc2cc(-c3ccc(Cl)s3)on2)CC1,118.54,False,3.8232,True,544.1659521,False,False
CC(C)N1CCC(NC(=O)c2nc3ccc(C(=O)O)cc3n2Cc2cnc(-c3ccc(Cl)s3)s2)CC1,100.35,False,5.2238,False,543.1165594,False,False
CC(C)N1CCC(NC(=O)c2cc(CO)nn2CC(=O)Nc2ccc(Cl)cn2)CC1,112.38,False,1.6651,False,434.1833164,False,False
CC(C)N1CCC(CNC(=O)c2cc3ccccc3n2CC(=O)Nc2ccc(Cl)cc2)CC1,66.37,False,4.7836,False,466.2135539,False,False
COC(=O)OC(C)OC(=O)c1cccc2c1cc(C(=O)NC1CCN(C(C)C)CC1)n2Cc1cc(-c2ccc(Cl)s2)on1,125.13,False,5.9479,False,628.1758481,False,False
Nc1nccc2ccc(C3(O)CCN(C(=O)c4ccc(-c5ccc(=O)[nH]c5)cc4)CC3)cc12,112.31,False,3.2961,True,440.1848406,False,False
O=C(Cn1nc(C(=O)Nc2ccc(N3CCCC3=O)cc2)c2ccccc21)Nc1ccc(Cl)cn1,109.22,False,4.1025,False,488.1363662,False,False
CC(C)N1CCC(N2C(=O)CC(CNC(=O)c3ccc(Cl)s3)S2(=O)=O)CC1,86.79,False,1.9348,False,433.0896759,False,False
CC(OC(=O)OC1CCCCC1)OC(=O)c1cccc2c1nc(C(=O)NC1CCN(C(C)C)CC1)n2Cc1cc(-c2ccc(Cl)s2)on1,138.02,False,7.0458,False,697.2336973,False,False
CC(C)N1CCC(NC(=O)c2cc3cc(C(=O)N4CC(O)C4)ccc3n2Cc2cc(-c3ccc(Cl)s3)on2)CC1,103.84,False,4.4788,False,581.1863532,False,False
CC(C)N1CCC(NC(=O)c2nc3c(C(=O)N4CCCOCC4)scc3n2CC(=O)Nc2ccc(Cl)cn2)CC1,121.69,False,3.25,True,587.2081512,False,False
N=C(N)c1ccc(N)c(CN2CCC(NS(=O)(=O)c3cc4ncccc4s3)C2=O)c1,155.26,False,1.24197,False,444.1038305,False,False
CC(C)N1CCC(NC(=O)c2cc3cc(C(=O)N4CCCOCC4)ccc3n2CC(=O)Nc2ccc(Cl)nc2)CC1,108.8,False,3.7935,True,580.2564813,False,False
CC(C)N1CCC(NC(=O)c2nc3cc(C(=O)N4CC(O)C4)ccc3n2CC(=O)Nc2ccc(Cl)cn2)CC1,132.69,False,2.1427,True,553.2204302,False,False
COC(=O)c1cc(C(=O)NC2CCN(C(C)C)CC2)nn1Cc1cc(-c2ccc(Cl)s2)on1,102.49,False,3.6905,True,491.139403,False,False
CC(C)N1CCC(NC(=O)c2cc3cc(OCCO)ccc3n2CC(=O)Nc2ccc(Br)cn2)CC1,108.72,False,3.4112,True,557.1637666,False,False
CC(C)N1CCC(NS(=O)(=O)CCNC(=O)c2ccc(Br)s2)CC1,78.51,False,2.0326,True,437.0442457,False,False
CC(C)N1CCC(NC(=O)c2cc3cc(C(=O)OCCN4CCCC4=O)ccc3n2Cc2cc(-c3ccc(Cl)s3)on2)CC1,109.91,False,5.4413,False,637.2125679,False,False
CC(C)N1CCC(NC(=O)c2cc3cc(C(=O)OCC4CCOC4)ccc3n2Cc2cc(-c3ccc(Cl)s3)on2)CC1,98.83,False,5.8554,False,610.2016689,False,False
O=C(Nc1ccc(C(=O)N2CCOCC2)cc1)c1nn(Cc2cc(-c3ccc(Cl)s3)on2)c2ccccc12,102.49,False,5.1792,False,547.1081029,False,False
CC(C)OCCNCC1CN(S(=O)(=O)c2cc3ccc(Cl)cc3s2)CC(=O)N1Cc1ccc2c(N)ncnc2c1,130.75,False,3.4964,True,602.1536732,False,False
CC(C)N1CCC(NC(=O)c2cc3c(C(=O)OCOC(=O)C(C)(C)C)cccc3n2Cc2cc(-c3ccc(Cl)s3)on2)CC1,115.9,False,6.3657,False,640.2122336,False,False
O=C(NCc1cccnc1)c1cc(OCCc2ccc(Cl)cc2Cl)cc(C(=O)NCC2CCN(c3ccncc3)CC2)c1,96.45,False,5.9813,False,617.1960453,False,False
COCCOCc1cc(C(=O)NC2CCN(C(C)C)CC2)n(Cc2cc(-c3ccc(Cl)s3)on2)n1,94.65,False,4.0669,False,521.1863532,False,False
CC(C)N1CCC(NC(=O)c2cc3ccccc3n2CC(=O)Nc2ccc(Cl)s2)CC1,66.37,False,4.5975,False,458.1543248,False,False
CCN1CCC(NC(=O)c2cc3ccnc(OCC4CC4)c3n2Cc2cc(-c3ccc(Cl)s3)on2)CC1,85.42,False,5.4574,False,539.1757885,False,False
O=C(NCC(NC1CCC1)C(=O)Nc1ccc(N2CCOCC2=O)c(C(F)F)c1)c1ccc(Cl)s1,99.77,False,3.5815,True,526.1253104,False,False
CC(C)N1CCC(NC(=O)c2nc3cc(C(=O)N(C)CCO)ccc3n2Cc2cc(-c3ccc(Cl)s3)on2)CC1,116.73,False,4.1214,False,584.1972522,False,False
O=C(NCC1CCN(c2ccncc2)CC1)c1cc(OCCc2ccc(Cl)cc2Cl)cc(C(=O)NC2CCC2)c1,83.56,False,5.9386,False,580.2007963,False,False
CC(C)N1CCC(NC(=O)c2cc(OCC(F)F)n(CC(=O)Nc3ccc(Cl)cn3)n2)CC1,101.38,False,2.8167,True,484.1801228,False,False
CC(C)N1CCC(NC(=O)c2cc(C(=O)NCC(=O)O)nn2CC(=O)Nc2ccc(Cl)cn2)CC1,158.55,False,0.9872,False,505.1840447,False,False
CC(C)N1CCC(NC(=O)c2nc3c(n2Cc2cc(-c4ccc(Cl)s4)on2)CCCC3C(=O)O)CC1,113.49,False,4.4084,False,531.1707031,False,False
COCCOCCOc1cc(C(=O)NC2CCN(C(C)C)CC2)n(CC(=O)Nc2ccc(Cl)cn2)n1,119.84,False,2.2146,True,522.2357459,False,False
CC(C)N1CCC(NC(=O)c2nc(C(=O)OCC(=O)OC(C)(C)C)cn2Cc2cc(-c3ccc(Cl)s3)on2)CC1,128.79,False,4.4024,False,591.1918325,False,False
CC(C)N1CCC(NC(=O)c2nn(Cc3cc(-c4ccc(Cl)s4)on3)c3ccc(C(=O)NCCS(C)(=O)=O)cc23)CC1,139.43,False,3.8315,True,632.1642378,False,False
COCCOC(=O)c1cc(C(=O)NC2CCN(C(C)C)CC2)n(CC(=O)Nc2ccc(Cl)cn2)n1,127.68,False,1.976,False,506.2044458,False,False
COc1ccc(-c2ccc(C(=O)N3CCC(c4ccc5ccnc(N)c5c4)CC3)c(F)c2)cn1,81.34,False,5.0465,False,456.1961543,False,False
CC(OC(=O)OC1CCCCC1)OC(=O)c1ccc2c(c1)cc(C(=O)NC1CCN(C(C)C)CC1)n2Cc1cc(-c2ccc(Cl)s2)on1,125.13,False,7.6508,False,696.2384483,False,False
CC(C)N1CCC(NC(=O)c2c(CC(=O)Nc3ccc(Cl)cc3)c3ccccc3n2C)CC1,66.37,False,4.6155,False,466.2135539,False,False
CCOC(=O)C1CCN(c2ccc(NC(=O)CCNC(=O)c3ccc(Cl)s3)cc2)CC1,87.74,False,3.9396,True,463.133255,False,False
CC(C)OC(=O)CNC(=O)c1cc(C(=O)NC2CCN(C(C)C)CC2)n(CC(=O)Nc2ccc(Cl)cn2)n1,147.55,False,1.8542,False,547.2309949,False,False
COCCOc1nccc2c1nc(C(=O)NC1CCN(C(C)C)CC1)n2Cc1nnc(-c2ccc(Cl)s2)s1,107.29,False,4.3408,False,575.1540075,False,False
O=C(NC1CN(c2ccncc2)C1)c1cc2ccccc2n1Cc1cc(-c2ccc(Cl)s2)on1,76.19,False,5.0731,False,489.1026236,False,False
CC(C)N1CCC(NC(=O)c2cc3nc(C(=O)O)ccc3n2Cc2cc(-c3ccc(Cl)s3)on2)CC1,113.49,False,4.7553,False,527.139403,False,False
CC(C)N1CCC(NC(=O)c2nn(Cc3cc(-c4ccc(Cl)s4)on3)c3ccc(C(=O)NCC(=O)O)cc23)CC1,142.59,False,3.8715,True,584.1608667,False,False
O=C(CCNC(=O)c1ccc(Cl)s1)Nc1ccc(N2CCOCC2=O)nc1,100.63,False,1.9183,False,408.0659037,True,False
CCOC(=O)CN(C(=O)c1cc2c(C(F)(F)F)cccc2n1Cc1cc(-c2ccc(Cl)s2)on1)C1CCN(C(C)C)CC1,80.81,False,6.9564,False,636.1784888,False,False
O=C(Cn1c(C(=O)NC2CCN(C3CC3)CC2)nc2c(C(=O)OCC3CC3)cccc21)Nc1ccc(Cl)cn1,118.45,False,3.6468,True,550.2095312,False,False
CC(C)N1CCC(NC(=O)c2cc3ccccc3n2CC(=O)Nc2ccccc2)CC1,66.37,False,3.8826,True,418.2368762,True,False
O=C(CCNC(=O)c1ccc(Cl)s1)Nc1ccc(N2CCOCC2=O)c(F)c1,87.74,False,2.6624,True,425.0612329,False,False
CC(C)N1CCC(NC(=O)c2cc(C(=O)N3CCCC3C(F)(F)F)nn2Cc2cc(-c3ccc(Cl)s3)on2)CC1,96.5,False,5.0708,False,598.1740722,False,False
N=C(N)c1ccc(N)c(CN2CCC(NS(=O)(=O)c3ccc(-c4ccon4)s3)C2=O)c1,168.4,False,1.34877,False,460.0987451,False,False
CC(C)CN1CCC(NC(=O)c2cc3ccccc3n2Cc2cc(-c3ccc(Cl)s3)on2)CC1,63.3,False,5.9097,False,496.1699748,False,False
CC(OC(=O)OC1CCCCC1)OC(=O)c1cccc2c1nc(C(=O)NC1CCN(C(C)C)CC1)n2CC(=O)Nc1ccc(Cl)cn1,153.98,False,5.3147,False,668.2725253,False,False
CC(C)N1CCC(NC(=O)c2nn(CC(=O)Nc3ccc(Cl)cn3)c3ccccc23)CC1,92.15,False,3.326,True,454.1884018,False,False
O=C(NCCS(=O)(=O)NC1CCN(c2ccncc2)CC1)c1ccc(Cl)s1,91.4,False,2.1147,True,428.0743602,False,False
Nc1ccc2ccc(CN3CCC(NS(=O)(=O)c4cc5ccccc5s4)C3=O)cc2n1,105.39,False,3.1111,True,452.0976825,False,False
CC(C)N1CCC(NC(=O)c2cc3cc(C(=O)OCCO)ccc3n2Cc2cc(-c3ccc(Cl)s3)on2)CC1,109.83,False,4.8112,False,570.1703688,False,False
CC(C)N1CCC(NC(=O)c2nc3cc(C(=O)N4CC(O)C4)ccc3n2Cc2cc(-c3ccc(Cl)s3)on2)CC1,116.73,False,3.8738,True,582.1816022,False,False
O=C(NC1CC1)c1csc(CN2CCN(S(=O)(=O)c3cc4ccc(Cl)nc4s3)CC2=O)n1,112.57,False,2.3315,True,511.0209447,False,False
CC(C)C(NC(=O)c1cc(C(=O)NC2CCN(C(C)C)CC2)n(Cc2cc(-c3ccc(Cl)s3)on2)n1)C(=O)O,142.59,False,3.7429,True,576.1921668,False,False
CCOCC(O)COc1ccc2c(c1)nc(C(=O)NC1CCN(C(C)C)CC1)n2CC(=O)Nc1ccc(Cl)cn1,130.84,False,3.1022,True,572.251396,False,False
CC(C)N1CCC(NC(=O)c2cc3c(Cl)cccc3n2Cc2cc(-c3ccc(Cl)s3)on2)CC1,63.3,False,6.3155,False,516.1153524,False,False
CC(C)N1CCC(NC(=O)c2cc(C(=O)N3CCC(O)C3)nn2Cc2cc(-c3ccc(Cl)s3)on2)CC1,116.73,False,3.1107,True,546.1816022,False,False
COC(=O)c1ccc2c(C(=O)NC3CCN(C(C)C)CC3)nn(Cc3cc(-c4ccc(Cl)s4)on3)c2c1,102.49,False,4.8437,False,541.1550531,False,False
O=C(NCCS(=O)(=O)NC1CCN(C(=O)c2ccncc2)CC1)c1ccc(Cl)s1,108.47,False,1.7505,False,456.0692748,False,False
CC(C)N1CCC(NC(=O)c2cc(C(=O)NC(C(=O)O)c3ccccc3)nn2CC(=O)Nc2ccc(Cl)cn2)CC1,158.55,False,2.7285,True,581.2153448,False,False
CC(C)N1CCC(NC(=O)c2nc3cc(S(=O)(=O)CCO)ccc3n2CC(=O)Nc2ccc(Cl)cn2)CC1,146.52,False,2.092,True,562.1765168,False,False
CC(C)C(NC(=O)c1cc(C(=O)NC2CCN(C(C)C)CC2)n(CC(=O)Nc2ccc(Cl)cn2)n1)C(=O)O,158.55,False,2.0118,True,547.2309949,False,False
O=C(NCCS(=O)(=O)NC1CCN(C(=O)C2CC2)CC1)c1ccc(Cl)s1,95.58,False,1.4517,False,419.0740259,True,False
CNC(=O)c1cc(C(=O)NC2CCN(C(C)C)CC2)nn1Cc1cc(-c2ccc(Cl)s2)on1,105.29,False,3.2635,True,490.1553874,False,False
COc1cccc(-c2ccc(S(=O)(=O)NC3CCN(Cc4cccc(C(=N)N)c4)C3=O)cc2)n1,138.47,False,2.12067,True,479.1627253,False,False
CC(C)N1CCC(NC(=O)c2nc3cccc(C(=O)O)c3n2Cc2cc3ccc(Cl)cc3s2)CC1,87.46,False,5.2535,False,510.1492394,False,False
CC(C)N1CCC(NC(=O)c2nc3cc(S(=O)(=O)CCO)ccc3n2Cc2cc(-c3ccc(Cl)s3)on2)CC1,130.56,False,3.8231,True,591.1376887,False,False
CC(C)N1CCC(NC(=O)c2cc(-c3nnc(O)o3)nn2Cc2cc(-c3ccc(Cl)s3)on2)CC1,135.34,False,3.6595,True,517.1299009,False,False
CC(C)N1CCC(NC(=O)c2nc(C(=O)N3CC(O)C3)cn2Cc2cc(-c3ccc(Cl)s3)on2)CC1,116.73,False,2.7206,True,532.1659521,False,False
COC(=O)c1cnc2c(c1)cc(C(=O)NC1CCN(C(C)C)CC1)n2Cc1cc(-c2ccc(Cl)s2)on1,102.49,False,4.8437,False,541.1550531,False,False
O=C(O)C1CN(S(=O)(=O)c2cc3ccc(Cl)cc3s2)CC(=O)N1Cc1cc2cnccc2[nH]1,123.67,False,2.9173,True,504.0328893,False,False
O=C(O)c1ccc2c(c1)cc(C(=O)NC1CCN(C3CC3)CC1)n2Cc1cc(-c2ccc(Cl)s2)on1,100.6,False,5.1143,False,524.128504,False,False
CC(C)N1CCC(NC(=O)c2cc3cc(C(=O)NCCO)ccc3n2CC(=O)Nc2ccc(Cl)cn2)CC1,128.59,False,2.6531,True,540.2251812,False,False
O=C(Cn1c(C(=O)Nc2ccc(-n3ccc(=O)cc3)cc2)nc2ccccc21)Nc1ccc(Cl)cn1,110.91,False,4.1266,False,498.1207161,False,False
CC(C)N1CCC(NC(=O)c2nc3c(C(=O)N4CCOCC4)cccc3n2CC(=O)Nc2ccc(Cl)cn2)CC1,121.69,False,2.7984,True,567.2360802,False,False
Nc1ncnc2cc(CN3CCN(S(=O)(=O)c4cc5ccc(Cl)cc5[nH]4)CC3=O)ccc12,125.28,False,2.3798,True,470.0927871,False,False
O=C(NCC(NC1CC1)C(=O)Nc1ccc(N2CCOCC2=O)c(C(F)F)c1)c1ccc(Cl)s1,99.77,False,3.1914,True,512.1096603,False,False
O=C(Nc1ccc(-n2ccncc2=O)cc1)c1nc2ccccc2n1Cc1cc(-c2ccc(Cl)s2)on1,107.84,False,5.2527,False,528.0771371,False,False
O=C1C(NS(=O)(=O)c2cc3ncccc3s2)CCN1Cc1cc2ccncc2[nH]1,108.05,False,2.252,True,427.0772814,False,False
COC(=O)c1cccc2c1nc(C(=O)Nc1ccc(C(=O)N3CCCC3)cc1F)n2CC(=O)Nc1ccc(Cl)cn1,135.52,False,4.1374,False,578.1480738,False,False
CN1CCC(NC(=O)c2cc3ccccc3n2Cc2cc(-c3ccc(Cl)s3)on2)CC1,63.3,False,4.8835,False,454.1230247,False,False
CCCN1CCC(NC(=O)c2cc3ccccc3n2Cc2cc(-c3ccc(Cl)s3)on2)CC1,63.3,False,5.6637,False,482.1543248,False,False
CC(C)N1CCC(NC(=O)c2nc3c(C(=O)N4CC(O)C4)cccc3n2CCc2ccc(Cl)cc2)CC1,90.7,False,3.3517,True,523.2350176,False,False
CC(C)N1CCC(NC(=O)c2nc3ccc(S(=O)(=O)CCO)cc3n2CC(=O)Nc2ccc(Cl)cn2)CC1,146.52,False,2.092,True,562.1765168,False,False
COCCOc1cccc2nc(C(=O)NC3CCN(C(C)C)CC3)n(CC(=O)Nc3ccc(Br)cn3)c12,110.61,False,3.4603,True,572.1746656,False,False
O=C(CCNC(=O)c1ccc(Cl)s1)Nc1ccc(N2CCOCC2=O)c(C(=O)O)c1,125.04,False,2.2215,True,451.060484,False,False
COC(=O)C1CN(S(=O)(=O)c2cc3ccc(Cl)cc3[nH]2)CC(=O)N1Cc1ccc2c(N)ncnc2c1,151.58,False,1.9214,False,528.0982665,False,False
CCOC(=O)CN(C(=O)c1cc2c(Cl)cccc2n1Cc1cc(-c2ccc(Cl)s2)on1)C1CCN(C(C)C)CC1,80.81,False,6.591,False,602.1521319,False,False
CC(C)N1CCC(NC(=O)c2nn(Cc3cc(-c4ccc(Cl)s4)on3)c3ccc(C(=O)O)cc23)CC1,113.49,False,4.7553,False,527.139403,False,False
COCC1CCC(COC)N1C(=O)c1cc(C(=O)NC2CCN(C(C)C)CC2)n(Cc2cc(-c3ccc(Cl)s3)on2)n1,114.96,False,4.1699,False,618.239117,False,False
CC(C)N1CCC(NC(=O)c2nc3cc(C(=O)O)ccc3n2CCc2ccc(Cl)cc2)CC1,87.46,False,4.2332,False,468.1928185,False,False
O=C1C(NS(=O)(=O)c2cc3ccc(Cl)cc3s2)CCN1Cc1cc2cnccc2[nH]1,95.16,False,3.5104,True,460.0430601,False,False
O=C(c1nc2ccccc2n1Cc1cc(-c2ccc(Cl)s2)on1)N(Cc1cc(-c2ccc(Cl)s2)on1)c1ccc(-n2ncccc2=O)cc1,125.08,False,8.2173,False,725.0473495,False,False
COC(=O)c1ccc2c(c1)c(C(=O)NC1CCN(C(C)C)CC1)nn2CC(=O)Nc1ccc(Cl)cn1,118.45,False,3.1126,True,512.1938811,False,False
CC(C)N1CCC(NC(=O)c2cc3c(C(=O)N4CC(O)C4)cccc3n2Cc2cc(-c3ccc(Cl)s3)on2)CC1,103.84,False,4.4788,False,581.1863532,False,False
O=C(NCC1CCN(c2ccncc2)CC1)c1cc(OCCc2ccc(Cl)cc2Cl)cc(C(=O)N2CCCC2)c1,74.77,False,5.8923,False,580.2007963,False,False
O=C(NCCS(=O)(=O)NC1CCNCC1)c1ccc(Cl)s1,87.3,False,0.8027,False,351.0478111,True,False
O=C(Nc1ccc(N2CCOC2=O)cc1)c1nc2ccccc2n1Cc1cc(-c2ccc(Cl)s2)on1,102.49,False,5.6634,False,519.0768027,False,False
COC(=O)c1cc(N2CCOCC2=O)ccc1NC(=O)CCNC(=O)c1ccc(Cl)s1,114.04,False,2.3099,True,465.076134,False,False
COCc1ncc(C(=O)NC2CCN(C(C)C)CC2)n1Cc1cc(-c2ccc(Cl)s2)on1,85.42,False,4.0503,False,477.1601384,False,False
O=C(Cn1nc(C(=O)Nc2ccc(C(=O)N3CCOCC3)cc2)c2ccccc21)Nc1ccc(Cl)cn1,118.45,False,3.4481,True,518.1469309,False,False
O=C1C(NS(=O)(=O)c2cc3ccc(Cl)cc3s2)CCN1CCNc1ccncc1,91.4,False,2.941,True,450.0587101,False,False
COCCOc1cc2cc(C(=O)NC3CCN(C(C)C)CC3)n(CC(=O)Nc3ccc(C(F)(F)F)cn3)c2cn1,110.61,False,3.7166,True,562.2515382,False,False
Nc1ccnc2cc(CN3CCC(NS(=O)(=O)c4cc5ccc(Cl)cc5s4)C3=O)ccc12,105.39,False,3.7645,True,486.0587101,False,False
Nc1ncnc2cc(CN3C(=O)CN(S(=O)(=O)c4cc5ccc(Cl)cc5s4)CC3CN3CCC(N4CCCC4)CC3)ccc12,115.97,False,4.042,False,653.2009577,False,False
CC(C)N1CCC(NC(=O)c2cc3cc(C(=O)N4CCCC4CO)ccc3n2Cc2cc(-c3ccc(Cl)s3)on2)CC1,103.84,False,5.259,False,609.2176533,False,False
Cc1nc(-c2nc(C(=O)NC3CCN(C(C)C)CC3)cn2Cc2cc(-c3ccc(Cl)s3)on2)cs1,89.08,False,5.33582,False,530.1325438,False,False
O=C(c1cc2ccccc2n1Cc1cc(-c2ccc(Cl)s2)on1)N1CCC(N2CCCC2=O)CC1,71.58,False,5.2865,False,508.1335893,False,False
Nc1nccc2ccc(C3CCN(C(=O)c4ccc(-c5cccnc5)cc4F)CC3)cc12,72.11,False,5.0379,False,426.1855896,False,False
NC(=O)C1CN(S(=O)(=O)c2cc3ccc(Cl)cc3s2)CC(=O)N1Cc1ccc2c(N)ncnc2c1,152.58,False,1.9671,False,530.0597728,False,False
COCC1CN(S(=O)(=O)c2cc3ccc(Cl)cc3[nH]2)CC(=O)N1Cc1ccc2c(N)ncnc2c1,134.51,False,2.3948,True,514.1190019,False,False
COc1cccc(Cn2c(C(=O)NC3CCN(C(C)C)CC3)nc3c(C(=O)N4CC(O)C4)cccc32)c1,99.93,False,2.5125,True,505.2689046,False,False
Cc1c(C(=O)NC2CCN(C(C)C)CC2)n(Cc2cc(-c3ccc(Cl)s3)on2)c2nccnc12,89.08,False,4.76052,False,498.1604728,False,False
CC(C)N1CCC(NC(=O)c2cc3cc(OCCO)ncc3n2CC(=O)Nc2ccc(Cl)cn2)CC1,121.61,False,2.6971,True,514.2095312,False,False
CC(C)N1CCC(NC(=O)c2nn(Cc3cc(-c4ccc(Cl)s4)on3)c3ccc(C(=O)OCCO)cc23)CC1,122.72,False,4.2062,False,571.1656177,False,False
CC(C)N1CCC(NC(=O)c2cnc(-c3cccnc3)n2Cc2cc(-c3ccc(Cl)s3)on2)CC1,89.08,False,4.9659,False,510.1604728,False,False
CC(C)N1CCC(NC(=O)c2cc3cc(C(=O)N4CCCOCC4)ccc3n2CC(=O)Nc2ccc(Cl)cn2)CC1,108.8,False,3.7935,True,580.2564813,False,False
CCOC(=O)OC(C)OC(=O)c1cccc2c1nc(C(=O)NC1CCN(C(C)C)CC1)n2Cc1cc(-c2ccc(Cl)s2)on1,138.02,False,5.733,False,643.1867471,False,False
CCOC(=O)c1ncc(C(=O)NC2CCN(C(C)C)CC2)n1Cc1cc(-c2ccc(Cl)s2)on1,113.49,False,4.4084,False,531.1707031,False,False
COc1cccc(Cn2ccnc2C(=O)NCC2CCN(C(C)C)CC2)c1,102.49,False,4.0806,False,505.1550531,False,False
CC(C)N1CCC(NC(=O)c2cc3cc(C(=O)N4CCC(F)(F)CC4)ccc3n2CC(=O)Nc2ccc(Cl)cn2)CC1,59.39,True,2.7902,True,370.2368762,True,True
CC(C)N1CCC(N(CC(=O)O)C(=O)c2cc3c(Cl)cccc3n2Cc2cc(-c3ccc(Cl)s3)on2)CC1,99.57,False,4.8023,False,600.2427231,False,False
Nc1nc(CNC(=O)c2cc3ccccc3n2Cc2cc(-c3ccc(Cl)s3)on2)c[nH]1,91.81,False,6.1125,False,574.1208317,False,False
CC(C)N1CCC(NC(=O)c2cc(C(=O)N3CCC(F)(F)CC3)nn2Cc2cc(-c3ccc(Cl)s3)on2)CC1,114.76,False,4.2948,False,452.0822225,False,False
CC(C)N1CCC(NC(=O)c2cc(C(=O)NCC(F)(F)F)nn2Cc2cc(-c3ccc(Cl)s3)on2)CC1,96.5,False,4.7752,False,580.183494,False,False
CC(C)N1CCC(NC(=O)c2nn(Cc3cc(-c4ccc(Cl)s4)on3)c3cccc(C#N)c23)CC1,105.29,False,4.196,False,558.142772,False,False
CC(C)N1CCC(NC(=O)c2cc(NCC(F)F)nn2CC(=O)Nc2ccc(Cl)cn2)CC1,99.98,False,4.92878,False,508.1448227,False,False
CC(C)N1CCC(NC(=O)c2cc(C(=O)NC3CCS(=O)(=O)C3)nn2Cc2cc(-c3ccc(Cl)s3)on2)CC1,104.18,False,2.8498,True,483.1961073,False,False
COC(=O)c1cc(C(=O)NC2CCN(C(C)C)CC2)cn1CC(=O)Nc1ccc(Cl)cn1,139.43,False,2.8208,True,594.1485878,False,False
Nc1nccc2ccc(CN3CCC(NS(=O)(=O)c4cc(-c5cccnc5)cs4)C3=O)cc12,105.56,False,2.5644,True,461.1829821,False,False
CC(C)N1CCC(NC(=O)c2cc(C(=O)O)n(Cc3cc(-c4ccc(Cl)s4)on3)c2)CC1,118.28,False,3.0199,True,479.1085815,False,False
CC(C)N1CCC(NC(=O)c2cc3c(C(=O)O)cccc3n2Cc2cc(-c3ccc(Cl)s3)on2)CC1,100.6,False,4.2071,False,476.128504,False,False
O=C(Cn1nc(C(=O)Nc2ccc(C(=O)N3CCCCC3)cc2)c2ccccc21)Nc1ccc(Cl)cn1,100.6,False,5.3603,False,526.144154,False,False
COCC1CCCN1C(=O)c1cc(C(=O)NC2CCN(C(C)C)CC2)n(Cc2cc(-c3ccc(Cl)s3)on2)n1,109.22,False,4.6018,False,516.1676663,False,False
C#Cc1ccc(C(=O)NCCC(=O)Nc2ccc(N3CCOCC3=O)cc2)cc1,105.73,False,4.1549,False,574.2129023,False,False
CC(C)N1CCC(NC(=O)c2ccc(-c3ccccc3)n2Cc2cc(-c3ccc(Cl)s3)on2)CC1,87.74,False,1.7897,False,391.1532062,True,False
CC(C)N1CCC(NC(=O)c2nc3c(n2Cc2cc(-c4ccc(Cl)s4)on2)C(C(=O)O)CCC3)CC1,63.3,False,6.1759,False,508.1699748,False,False
Cc1oc(=O)oc1COC(=O)c1ccc2c(c1)c(C(=O)NC1CCN(C(C)C)CC1)nn2Cc1cc(-c2ccc(Cl)s2)on1,113.49,False,4.4084,False,531.1707031,False,False
CC(C)N1CCC(NC(=O)c2cc(C(=O)N3CCCOCC3)cn2CC(=O)Nc2ccc(Cl)cn2)CC1,145.84,False,5.26872,False,639.155447,False,False
CC(C)N1CCC(NC(=O)c2cc3cc(C(=O)N(C)CCO)ccc3n2Cc2cc(-c3ccc(Cl)s3)on2)CC1,108.8,False,2.6403,True,530.2408313,False,False
CS(=O)(=O)c1ccccc1-c1ccc(NC(=O)c2cc3ccccc3n2CC(=O)Nc2ccc(Cl)cn2)cc1,103.84,False,4.7264,False,583.2020032,False,False
CC(C)N1CCC(NC(=O)c2cc(C(=O)N3CCSC3)nn2Cc2cc(-c3ccc(Cl)s3)on2)CC1,110.16,False,5.6512,False,558.1128539,False,False
O=C(Nc1ccc(N2CCCC2=O)cc1)c1cc2ccnc(OCC3CC3)c2n1Cc1cc(-c2ccc(Cl)s2)on1,96.5,False,4.0504,False,548.1431085,False,False
O=C(NC1CCN(c2ccnc(Cl)n2)CC1)c1cc2ccccc2n1Cc1cc(-c2ccc(Cl)s2)on1,102.49,False,6.6224,False,587.139403,False,False
COc1ccc(-c2ccc(C(=O)N3CCC(c4cccc(C(=N)N)c4)CC3)cc2)cn1,89.08,False,5.9017,False,552.0902003,False,False
CC(OC(=O)OC1CCCCC1)OC(=O)c1ccc2c(c1)nc(C(=O)NC1CCN(C(C)C)CC1)n2Cc1cc(-c2ccc(Cl)s2)on1,92.3,False,4.06107,False,414.2055761,True,False
CC(C)N1CCC(NC(=O)c2cc(C(=O)N(CCO)CCO)nn2Cc2cc(-c3ccc(Cl)s3)on2)CC1,138.02,False,7.0458,False,697.2336973,False,False
CC(C)N1CCC(NC(=O)c2nc3c(C(=O)O)cccc3n2Cc2n[nH]c3ccc(Cl)cc23)CC1,136.96,False,2.3307,True,564.1921668,False,False
Nc1ncnc2ccc(CN3CCN(S(=O)(=O)c4cc5ccc(Cl)cc5s4)CC3=O)cc12,116.14,False,3.9151,True,494.1833164,False,False
N=C(N)c1ccc(O)c(C=CCNC(=O)c2ccc(-c3cccc(S(N)(=O)=O)c3)cc2)c1,109.49,False,3.1132,True,487.0539591,False,False
CC(C)N1CCC(NC(=O)c2nc3cc(C(=O)OCCO)ccc3n2Cc2cc(-c3ccc(Cl)s3)on2)CC1,159.36,False,2.43387,True,450.1361762,False,False
CC(C)N1CCC(NC(=O)c2nc3c(C(=O)N4CC(O)C4)cccc3n2CC(=O)Nc2ccc(Cl)cn2)CC1,122.72,False,4.2062,False,571.1656177,False,False
O=C(Cn1c(C(=O)NC2CCN(C3CC3)CC2)cc2cc(OCCO)ccc21)Nc1ccc(Cl)cn1,132.69,False,2.1427,True,553.2204302,False,False
COCc1nc(C(=O)NC2CCN(C(C)C)CC2)cn1Cc1cc(-c2ccc(Cl)s2)on1,108.72,False,3.0561,True,511.1986321,False,False
CC(C)N1CCC(NC(=O)c2cc3cc(OCCOCCO)ccc3n2CC(=O)Nc2ccc(Cl)cn2)CC1,85.42,False,4.0503,False,477.1601384,False,False
COC(=O)c1ccc2c(c1)nc(C(=O)NC1CCN(C(C)C)CC1)n2Cc1cc(-c2ccc(Cl)s2)on1,117.95,False,3.3187,True,557.2404969,False,False
CONC(=O)c1cc(C(=O)NC2CCN(C(C)C)CC2)n(Cc2cc(-c3ccc(Cl)s3)on2)n1,102.49,False,4.8437,False,541.1550531,False,False
CC(C)N1CCC(NC(=O)c2nc3ccccc3n2CC(=O)Nc2ccc(Cl)cn2)CC1,114.52,False,3.1951,True,506.150302,False,False
CC(C)N1CCC(NC(=O)c2cc3cc(C(=O)O)ccc3n2CC(=O)Nc2ccc(Cl)cn2)CC1,92.15,False,3.326,True,454.1884018,False,False
CC(C)CC1CN(S(=O)(=O)c2cc3ccc(Cl)cc3[nH]2)CC(=O)N1Cc1ccc2c(N)ncnc2c1,116.56,False,3.6292,True,497.1829821,False,False
O=C(O)c1ccc2c(c1)nc(C(=O)NC1CCN(C3CC3)CC1)n2Cc1cc(-c2ccc(Cl)s2)no1,125.28,False,3.7945,True,526.1553874,False,False
COCCOCCn1c(C(=O)NC2CCN(C(C)C)CC2)cc2cc(OCc3cc(-c4ccc(Cl)s4)on3)ccc21,113.49,False,4.5093,False,525.1237529,False,False
COCCNC(=O)c1ccc(C(=O)NC2CCN(C(C)C)CC2)n1Cc1cc(-c2ccc(Cl)s2)on1,90.99,False,5.8558,False,600.217319,False,False
O=C(Nc1ccc(-n2ncccc2=O)cc1)c1nc2ccccc2n1Cc1cc(-c2ccc(Cl)s2)on1,101.63,False,3.8851,True,533.1863532,False,False
COCCOc1nccc2nc(C(=O)NC3CCN(C(C)C)CC3)n(Cc3nnc(-c4ccc(Cl)s4)s3)c12,107.84,False,5.2527,False,528.0771371,False,False
CNC(=O)C1CN(S(=O)(=O)c2cc3ccc(Cl)cc3s2)CC(=O)N1Cc1ccc2c(N)ccnc2c1,107.29,False,4.3408,False,575.1540075,False,False
O=C(NCC(NC1CCC1)C(=O)Nc1ccc(N2CCOCC2=O)cc1F)c1ccc(Cl)s1,125.7,False,2.8328,True,543.0801739,False,False
O=C(Cn1c(C(=O)NC2CCN(C3CC3)CC2)cc2cc(OCCOCCO)ccc21)Nc1ccc(Cl)cn1,99.77,False,2.783,True,494.1190821,False,False
CC1CN(S(=O)(=O)c2cc3ccc(Cl)cc3[nH]2)CC(=O)N1Cc1ccc2c(N)ncnc2c1,117.95,False,3.0727,True,555.2248469,False,False
CC(C)N1CCC(NC(CNC(=O)c2ccc(Cl)s2)C(=O)Nc2ccc(N3CCOCC3=O)cc2)CC1,125.28,False,2.7683,True,484.1084372,False,False
NC(=O)N1CCC(NC(=O)c2cc3ccccc3n2Cc2cc(-c3ccc(Cl)s3)on2)CC1,103.01,False,2.9642,True,547.2020032,False,False
COCCOC(=O)c1ccc2c(c1)c(C(=O)NC1CCN(C(C)C)CC1)nn2Cc1cc(-c2ccc(Cl)s2)on1,106.39,False,4.3324,False,483.1131882,False,False
O=C(NCC1CCN(c2ccncc2)CC1)c1cc(OCCc2ccc(Cl)cc2Cl)cc(C(=O)NC2CC2)c1,111.72,False,4.8603,False,585.1812678,False,False
CC(C)N1CCC(NC(=O)c2nc3c(C(=O)N(C)CCO)cccc3n2Cc2cc(-c3ccc(Cl)s3)on2)CC1,83.56,False,5.5485,False,566.1851462,False,False
COCC1CN(S(=O)(=O)c2cc3ccc(Cl)cc3s2)CC(=O)N1Cc1cc2cnccc2[nH]1,116.73,False,4.1214,False,584.1972522,False,False
CC(C)N1CCC(NC(=O)c2nc3c(C(=O)NCC(O)CCl)cccc3n2Cc2cc(-c3ccc(Cl)s3)on2)CC1,95.6,False,3.4791,True,504.0692748,False,False
O=C(O)c1cccc2c1nc(C(=O)NC1CCN(C3CC3)CC1)n2Cc1cc(-c2ccc(Cl)s2)on1,125.52,False,4.3866,False,618.1582799,False,False
CC(C)N1CCC(N(C)C(=O)c2nc3cc(OCCO)ccc3n2CC(=O)Nc2ccc(Cl)cn2)CC1,113.49,False,4.5093,False,525.1237529,False,False
O=C(Nc1ccc(-n2ccc(=O)[nH]c2=O)cc1)c1nc2ccccc2n1Cc1cc(-c2ccc(Cl)s2)on1,112.82,False,3.0393,True,528.2251812,False,False
CC(C)N1CCC(NC(=O)c2cc3cc(C(=O)OCCN4CCNC4=O)ccc3n2Cc2cc(-c3ccc(Cl)s3)on2)CC1,127.81,False,4.546,False,544.0720517,False,False
CC(C)N1CCC(NC(=O)c2nc3ccc(C(=O)O)cc3n2Cc2cc(-c3ccc(Cl)s3)on2)CC1,121.94,False,4.8441,False,638.2078169,False,False
N=C(N)c1ccc(O)c(CN2CCC(NS(=O)(=O)c3cc4ccc(F)cc4s3)C2=O)c1,113.49,False,4.7553,False,527.139403,False,False
CC(C)N1CCC(NC(=O)c2ccc(C(=O)O)n2Cc2cc(-c3ccc(Cl)s3)on2)CC1,136.58,False,2.10947,True,462.0831753,False,False
O=C1CN(S(=O)(=O)c2cc3ccc(Cl)cc3s2)CCN1Cc1ccc2cnccc2c1,100.6,False,4.2071,False,476.128504,False,False
O=C(c1nc2ccccc2n1Cc1cc(-c2ccc(Cl)s2)on1)N1CCC(Nc2ccncc2)CC1,70.58,False,4.136,False,471.0478111,False,False
O=C1CCN(c2ccc(NC(=O)c3nc4ccccc4n3Cc3cc(-c4ccc(Cl)s4)on3)cc2)CC1,89.08,False,5.5662,False,518.1291727,False,False
CC(C)N1CCC(NC(=O)c2cc(C(=O)OCCO)nn2Cc2cc(-c3ccc(Cl)s3)on2)CC1,93.26,False,5.8761,False,531.1131882,False,False
Nc1ccc(NC(=O)CCNC(=O)c2ccc(Cl)s2)cc1,122.72,False,3.053,True,521.1499677,False,False
N=C(N)c1ccc(O)c(CN2CCC(NS(=O)(=O)c3ccc(-c4ccon4)s3)C2=O)c1,84.22,False,2.7423,True,323.0495254,True,False
CC(C)N1CCC(NC(=O)c2cc3cc(C#N)ccc3n2Cc2cc(-c3ccc(Cl)s3)on2)CC1,162.61,False,1.47217,False,461.0827607,False,False
N=C(N)c1ccc(N)c(CN2CCC(NS(=O)(=O)c3cc4c(Cl)cccc4s3)C2=O)c1,87.09,False,5.53378,False,507.1495738,False,False
O=C(Cn1c(C(=O)NC2CCN(C3CC3)CC2)cc2cc(C(=O)O)ccc21)Nc1ccc(Cl)cn1,142.37,False,2.50037,True,477.0696092,False,False
Nc1ccc2ccc(CN3CCN(S(=O)(=O)c4cc5ccc(Cl)cc5s4)CC3=O)cc2n1,116.56,False,3.3832,True,495.167332,False,False
CC(C)N1CCC(NC(=O)c2cc3cc(C(N)=O)cnc3n2Cc2cc(-c3ccc(Cl)s3)on2)CC1,96.6,False,3.7182,True,486.0587101,False,False
CC(C)N1CCC(NC(=O)c2nn(Cc3cc(-c4ccc(Cl)s4)on3)c3ccc(C(=O)N4CC(O)C4)cc23)CC1,119.28,False,4.156,False,526.1553874,False,False
CC(=O)N1CCC(NC(=O)c2cc3ccccc3n2Cc2cc(-c3ccc(Cl)s3)on2)CC1,116.73,False,3.8738,True,582.1816022,False,False
CC(C)c1ncc(C(=O)NC2CCN(C(C)C)CC2)n1Cc1cc(-c2ccc(Cl)s2)on1,80.37,False,4.8002,False,482.1179393,False,False
CC(C)N1CCC(NC(=O)c2cc3c(C(=O)N(C)CCO)cccc3n2Cc2cc(-c3ccc(Cl)s3)on2)CC1,76.19,False,5.0273,False,475.1808739,False,False
CC(C)N1CCC(NC(=O)c2nc3c(C(=O)O)scc3n2CC(=O)Nc2ccc(Cl)cn2)CC1,103.84,False,4.7264,False,583.2020032,False,False
COc1cc2cc(C(=O)NC3CCN(C4CC4)CC3)n(Cc3cc(-c4ccc(Cl)s4)on3)c2cn1,129.45,False,3.0857,True,504.134652,False,False
CCOC(=O)c1ccc2c(c1)cc(C(=O)NC1CCN(C(C)C)CC1)n2Cc1cc(-c2ccc(Cl)s2)on1,85.42,False,4.8197,False,511.1444884,False,False
CC(C)N1CCC(NC(=O)c2nc3ccc(OCCO)cc3n2CC(=O)Nc2ccc(Cl)cn2)CC1,89.6,False,5.8388,False,554.1754542,False,False
COCCOc1cccc2c1nc(C(=O)N(C)C1CCN(C(C)C)CC1)n2CC(=O)Nc1ccc(Cl)cn1,121.61,False,2.6971,True,514.2095312,False,False
CCOC(=O)OC(C)OC(=O)c1cccc2c1nc(C(=O)NC1CCN(C(C)C)CC1)n2CC(=O)Nc1ccc(Cl)cn1,101.82,False,3.6934,True,542.2408313,False,False
COc1cccc(Cn2c(C(=O)NC3CCN(C(C)C)CC3)cc3c(C(=O)N4CC(OC)C4)cccc32)c1,153.98,False,4.0019,False,614.2255751,False,False
Nc1ccnc2cc(CN3C(=O)CN(S(=O)(=O)c4cc5ccc(Cl)cc5s4)CC3C(=O)N3CCOCC3)ccc12,76.04,False,3.7716,True,518.2893057,False,False
O=C(Cn1c(C(=O)N2CCN(CC(=O)N3CCCC3)CC2)nc2ccccc21)Nc1ccc(Cl)cn1,126.14,False,2.9456,True,599.1063886,False,False
CC(C)N1CCC(NS(=O)(=O)CCNC(=O)c2cccc(Cl)c2)CC1,103.67,False,2.1036,True,509.1942154,False,False
CC(C)N1CCC(NC(=O)c2cc(C(=O)OCC(=O)O)nn2Cc2cc(-c3ccc(Cl)s3)on2)CC1,78.51,False,1.862,False,387.1383404,True,False
CC(C)N1CCC(NC(=O)c2cc(C(=O)N(C)CC(=O)O)nn2Cc2cc(-c3ccc(Cl)s3)on2)CC1,139.79,False,3.1453,True,535.1292322,False,False
CC(C)N1CCC(NC(=O)c2nc3ccc(OCCO)cc3n2Cc2nnc(-c3ccc(Cl)s3)s2)CC1,133.8,False,3.0605,True,548.1608667,False,False
CC(C)N1CCC(NC(=O)c2nn(Cc3cc(-c4ccc(Cl)s4)on3)c3ccc(C(=O)NC(C)(CO)CO)cc23)CC1,105.4,False,4.2917,False,560.1431085,False,False
CC(C)N1CCC(NC(=O)c2cc(C(=O)N3CCCC3)nn2Cc2cc(-c3ccc(Cl)s3)on2)CC1,145.75,False,3.5302,True,614.2078169,False,False
CC(C)N1CCC(NC(=O)c2nn(Cc3cc(-c4ccc(Cl)s4)on3)c3ccc(C(=O)N4CC(C(=O)O)C4)cc23)CC1,96.5,False,4.1399,False,530.1866875,False,False
O=C(NCC(NC1CCC1)C(=O)Nc1ccc(N2CCOCC2=O)cc1)c1ccc(Cl)s1,133.8,False,4.2137,False,610.1765168,False,False
N=C(N)c1c[nH]c2ccc(CCNC(=O)c3ccc(-c4cnnc(N)n4)cc3)cc12,99.77,False,2.6439,True,476.128504,False,False
COCCOc1nccc2c1nc(C(=O)NC1CCN(C(C)C)CC1)n2CC(=O)Nc1ccc(Cl)cn1,159.45,False,1.85867,False,400.1760073,True,False
CC(C)OC(=O)CNC(=O)c1cc(C(=O)NC2CCN(C(C)C)CC2)n(Cc2cc(-c3ccc(Cl)s3)on2)n1,123.5,False,2.7462,True,529.2204302,False,False
Cc1ccc(NC(=O)Cn2c(C(=O)NC3CCN(C(C)C)CC3)cc3ccccc32)cc1,131.59,False,3.5853,True,576.1921668,False,False
CC(C)N1CCC(NC(=O)c2nn(Cc3cc(-c4ccc(Cl)s4)on3)c3ccc(C(=O)NC#N)cc23)CC1,66.37,False,4.19102,False,432.2525263,False,False
CC(C)N1CCC(NC(=O)c2cc3cc(CO)ccc3n2Cc2cc(-c3ccc(Cl)s3)on2)CC1,129.08,False,4.26798,False,551.1506364,False,False
CC(C)N1CCC(NC(=O)c2cc(C(=O)N3CCC(N4CCCC4=O)CC3)nn2Cc2cc(-c3ccc(Cl)s3)on2)CC1,83.53,False,5.1544,False,512.1648895,False,False
NC(=O)c1ccc(N2CCC(CN3CCN(S(=O)(=O)c4cc5ccc(Cl)cc5s4)CC3=O)CC2)nc1,116.81,False,4.1309,False,627.2394514,False,False
CC(C)N1CCC(NC(=O)c2nc3ccc(C(=O)NCCO)cc3n2CC(=O)Nc2ccc(Cl)cn2)CC1,116.91,False,2.7981,True,547.111474,False,False
COc1nccc2c1nc(C(=O)NC1CCN(C(C)C)CC1)n2CC(=O)Nc1ccc(Cl)cn1,141.48,False,2.0481,True,541.2204302,False,False
CC(C)N1CCC(NC(=O)c2cn(Cc3cc(-c4ccc(Cl)s4)on3)c(C3CC3)n2)CC1,114.27,False,2.7296,True,485.1942154,False,False
CC(C)N1CCC(NC(=O)c2cc3cc(Br)ccc3n2Cc2cc(-c3ccc(Cl)s3)on2)CC1,76.19,False,4.7813,False,473.1652238,False,False
O=C(Cn1c(C(=O)N2CCC(Nc3ccncc3)CC2)nc2ccccc21)Nc1ccc(Cl)cn1,63.3,False,6.4246,False,560.0648369,False,False
COCCOCCOCc1cc(C(=O)NC2CCN(C(C)C)CC2)n(CC(=O)Nc2ccc(Cl)cn2)n1,105.04,False,3.8351,True,489.1680007,False,False
CC(C)N1CCC(NC(=O)c2nc(C(=O)OC(C)(C)C)cn2Cc2cc(-c3ccc(Cl)s3)on2)CC1,119.84,False,2.3524,True,536.251396,False,False
CC(C)N1CCC(NC(=O)c2nc(C(=O)NCCO)cn2Cc2cc(-c3ccc(Cl)s3)on2)CC1,102.49,False,4.8592,False,533.1863532,False,False
CC(C)CN1CC(NC(=O)c2cc3ccccc3n2Cc2cc(-c3ccc(Cl)s3)on2)C1,125.52,False,2.626,True,520.1659521,False,False
COCCOc1cc2cc(C(=O)NC3CCN(C(C)C)CC3)n(CC(=O)Nc3ccc(Cl)cn3)c2cn1,63.3,False,5.1295,False,468.1386747,False,False
O=C(Nc1ccc(N2CCNCC2=O)cc1)c1nc2ccccc2n1Cc1cc(-c2ccc(Cl)s2)on1,110.61,False,3.3512,True,528.2251812,False,False
CC(C)N1CCC(NC(=O)c2cc(C(=O)NCCN3CCOCC3)nn2Cc2cc(-c3ccc(Cl)s3)on2)CC1,105.29,False,4.643,False,532.1084372,False,False
O=C(CCNS(=O)(=O)c1ccc(Cl)s1)Nc1ccc(N2CCOCC2=O)cc1,117.76,False,2.9659,True,589.2238013,False,False
CC(C)N1CCC(NC(=O)c2nc3ccccc3n2CC(=O)Nc2ccc(Cl)cc2)CC1,104.81,False,2.0718,True,443.0376404,False,False
COCC1CCCN1CC1CN(S(=O)(=O)c2cc3ccc(Cl)cc3s2)CC(=O)N1Cc1ccc2c(N)ncnc2c1,79.26,False,3.931,True,453.1931528,False,False
CC(C)N1CCC(NC(=O)c2nn(Cc3cc(-c4ccc(Cl)s4)on3)c3ccc(C(=O)NCCS(N)(=O)=O)cc23)CC1,121.96,False,3.5926,True,614.1536732,False,False
CC(C)N1CCC(NC(=O)c2nn(Cc3cc(-c4ccc(Cl)s4)on3)c3ccc(C(=O)N(C)CC(=O)O)cc23)CC1,165.45,False,3.0754,True,633.1594868,False,False
COc1cccc(Cn2c(C(=O)Nc3ccc(N4CCOCC4=O)cc3)nc3c(C(=O)O)cccc32)c1,133.8,False,4.2137,False,598.1765168,False,False
COC(=O)CN(C1CCN(Cc2ccc3c(N)ccnc3c2)C1=O)S(=O)(=O)c1cc2ccc(Cl)cc2s1,122.99,False,3.4069,True,500.1695845,False,False
COc1cc2cc(C(=O)Nc3ccc(N4CCOCC4=O)cc3)n(Cc3cc(-c4ccc(Cl)s4)on3)c2cn1,122.9,False,3.6499,True,558.0798395,False,False
CC(C)N1CCC(NC(=O)c2nc(C(=O)O)cn2Cc2cc(-c3ccc(Cl)s3)on2)CC1,111.72,False,5.0786,False,563.1030175,False,False
CCOC(=O)c1cc(C(=O)Nc2ccc(N3CCOCC3=O)cc2)n(CC(=O)Nc2ccc(Cl)cn2)n1,113.49,False,3.6021,True,477.1237529,False,False
O=C(Cn1c(C(=O)Nc2ccc(N3CCOC3=O)cc2)nc2ccccc21)Nc1ccc(Cl)cn1,144.75,False,2.3624,True,526.1367601,False,False
O=C(NC1CCN(C2CC2)CC1)c1nc2c(n1Cc1cc(-c3ccc(Cl)s3)on1)CC(C(=O)O)CC2,118.45,False,3.9323,True,490.1156308,False,False
CC(C)N1CCC(NC(=O)c2cc(C(=O)NC3CCC3)nn2CC(=O)Nc2ccc(Cl)cn2)CC1,113.49,False,3.8474,True,529.1550531,False,False
CC(C)N1CCC(NC(=O)c2nc3c(C(=O)O)scc3n2Cc2cc(-c3ccc(Cl)s3)on2)CC1,121.25,False,2.4551,True,501.2255156,False,False
O=C(Nc1ccc(N2CCOCC2=O)cc1)c1cc(-c2ccco2)n(Cc2cc(-c3ccc(Cl)s3)on2)n1,113.49,False,4.8168,False,533.0958239,False,False
CC(C)N1CCC(NC(=O)c2cc(C(=O)N3CCCC3CO)nn2Cc2cc(-c3ccc(Cl)s3)on2)CC1,115.63,False,5.1768,False,549.0873674,False,False
CC(C)N1CCC(NC(=O)c2cc(C(=O)NC[Si](C)(C)C)nn2Cc2cc(-c3ccc(Cl)s3)on2)CC1,116.73,False,3.5008,True,560.1972522,False,False
CC(C)N1CCC(NC(=O)c2nc3c(C(=O)O)cccc3n2Cc2cc3ccc(Cl)cc3s2)CC1,105.29,False,4.5111,False,562.1949142,False,False
CC(C)N1CCC(NC(=O)c2cc(C(=O)NC(CO)(CO)CO)nn2Cc2cc(-c3ccc(Cl)s3)on2)CC1,87.46,False,5.2535,False,510.1492394,False,False
CC(C)N1CCC(NC(=O)c2cc3c(C(=O)N4CCOCC4)cccc3n2CC(=O)Nc2ccc(Cl)cn2)CC1,165.98,False,1.3494,False,580.1870815,False,False
NC(=O)C1CN(S(=O)(=O)c2cc3ccc(Cl)cc3s2)CC(=O)N1Cc1cc2cnccc2[nH]1,108.8,False,3.4034,True,566.2408313,False,False
CC(C)N1CCC(NC(=O)c2cc(OCC(F)(F)F)nn2CC(=O)Nc2ccc(Cl)cn2)CC1,129.46,False,2.318,True,503.0488737,False,False
CCOC(=O)CNC(=O)c1ccc2c(c1)c(C(=O)NC1CCN(C(C)C)CC1)nn2Cc1cc(-c2ccc(Cl)s2)on1,101.38,False,3.1139,True,502.170701,False,False
N#Cc1c(C(=O)NC2CCN(c3ccncc3)CC2)n(Cc2cc(-c3ccc(Cl)s3)on2)c2ccccc12,131.59,False,4.35,False,612.1921668,False,False
COC1CN(C(=O)c2cccc3c2nc(C(=O)NC2CCN(C(C)C)CC2)n3CCc2ccc(Cl)cc2)C1,99.98,False,5.72498,False,542.1291727,False,False
COC(=O)c1ccc2c(c1)cc(C(=O)NC1CCN(C(C)C)CC1)n2Cc1cc(-c2ccc(Cl)s2)on1,79.7,False,4.0058,False,537.2506677,False,False
COC(=O)c1ccc2nc(C(=O)NC3CCN(C(C)C)CC3)n(Cc3cc(-c4ccc(Cl)s4)on3)c2c1,89.6,False,5.4487,False,540.1598041,False,False
O=C(CCNC(=O)c1ccc(Cl)s1)Nc1ccc(N2CCOCC2=O)c(CO)c1,102.49,False,4.8437,False,541.1550531,False,False
CC(C)N1CCC(NC(=O)c2cc3cc(OCCO)ncc3n2Cc2cc(-c3ccc(Cl)s3)on2)CC1,107.97,False,2.0156,True,437.0812194,False,False
O=C(Nc1ccc(N2CCOCC2=O)cc1)c1cc(CO)n(Cc2cc(-c3ccc(Cl)s3)on2)n1,105.65,False,4.4282,False,543.1707031,False,False
CC(C)N1CCC(NC(=O)c2c(F)c3ccccc3n2Cc2cc(-c3ccc(Cl)s3)on2)CC1,122.72,False,3.4091,True,513.0873674,False,False
COCCOCc1cccc2c1nc(C(=O)NC1CCN(C(C)C)CC1)n2CC(=O)Nc1ccc(Cl)cn1,63.3,False,5.8012,False,500.144903,False,False
CCOC(=O)OC(C)OC(=O)c1ccc2c(c1)nc(C(=O)NC1CCN(C(C)C)CC1)n2Cc1cc(-c2ccc(Cl)s2)on1,110.61,False,3.489,True,542.2408313,False,False
N=C(N)c1c[nH]c2ccc(CCNC(=O)c3ccc(-c4cc5cncnc5[nH]4)cc3)cc12,138.02,False,5.733,False,643.1867471,False,False
O=C(Cn1nc(OCC(F)(F)F)cc1C(=O)NC1CCN(C2CC2)CC1)Nc1ccc(Cl)cn1,136.33,False,3.36277,True,423.1807583,False,False
O=C(NCC(NC1Cc2ccccc2C1)C(=O)Nc1ccc(N2CCOCC2=O)cc1)c1ccc(Cl)s1,101.38,False,2.8679,True,500.155051,False,False
CC(C)N1CCC(NC(=O)c2nc3ccc(C(=O)O)cc3n2CC(=O)Nc2ccc(Cl)cn2)CC1,99.77,False,3.2588,True,538.144154,False,False
CC(C)N1CCC(NC(=O)c2nn(Cc3cc(-c4ccc(Cl)s4)on3)c3ccc(C(=O)NC[Si](C)(C)C)cc23)CC1,129.45,False,3.0242,True,498.178231,False,False
CC(C)N1CCC(NC(=O)c2nc3c(C(=O)N4CC(O)C4)cccc3n2Cc2cc(-c3ccc(Cl)s3)on2)CC1,105.29,False,5.6643,False,612.2105643,False,False
COc1cccc(Cn2ccnc2C(=O)NC2CCN(C(C)C)CC2)c1,116.73,False,3.8738,True,582.1816022,False,False
CC(C)N1CCC(NS(=O)(=O)CCNC(=O)c2cccc(C(=N)N)c2)CC1,59.39,True,2.5426,True,356.2212261,True,True
CN1C2CCC1CC(N(Cc1cc(-c3ccc(Cl)s3)on1)C(=O)c1nc3ccccc3n1Cc1cc(-c3ccc(Cl)s3)on1)C2,128.38,False,0.49267,False,395.1991108,True,False
CC(C)N1CCC(NC(=O)c2cc(C(=O)N3CCNC(=O)C3)nn2Cc2cc(-c3ccc(Cl)s3)on2)CC1,93.43,False,8.092,False,678.1041361,False,False
N=C(N)c1ccc(N)c(CN2CCC(NS(=O)(=O)c3ccc(-c4cccnc4)s3)C2=O)c1,125.6,False,2.4759,True,559.1768511,False,False
CCOC(=O)CNC(=O)c1cc(C(=O)NC2CCN(C(C)C)CC2)n(CC(=O)Nc2ccc(Cl)cn2)n1,155.26,False,1.75577,False,470.1194806,False,False
CC1CN(S(=O)(=O)c2cc3cc(Cl)ccc3[nH]2)CC(=O)N1Cc1ccc2c(N)ncnc2c1,147.55,False,1.4657,False,533.2153448,False,False
CC(C)N1CC(CNC(=O)c2cc3ccccc3n2Cc2cc(-c3ccc(Cl)s3)on2)C1,125.28,False,2.7683,True,484.1084372,False,False
CC(C)N1CCC(NC(=O)c2c(Cl)c3ncccc3n2Cc2cc(-c3ccc(Cl)s3)on2)CC1,63.3,False,5.1295,False,468.1386747,False,False
Nc1nccc2ccc(CN3CCC(NS(=O)(=O)c4cc5cccnc5s4)C3=O)cc12,76.19,False,5.7105,False,517.1106014,False,False
CC(C)N1CCC(NC(=O)c2cc3cc(OC(C)(C)C(=O)O)ccc3n2Cc2cc(-c3ccc(Cl)s3)on2)CC1,118.28,False,2.5061,True,453.0929315,False,False
COc1ccc2ccc(S(=O)(=O)NC3CCN(Cc4ccc5ccnc(N)c5c4)C3=O)cc2c1,109.83,False,5.9041,False,584.1860188,False,False
CC(C)N1CC(NC(=O)c2cc3cc(C(=O)O)ccc3n2Cc2cc(-c3ccc(Cl)s3)on2)C1,114.62,False,3.0582,True,476.1518262,False,False
CN(CC1CN(S(=O)(=O)c2cc3ccc(Cl)cc3s2)CC(=O)N1Cc1ccc2c(N)ncnc2c1)C1CCCC1,100.6,False,4.5801,False,498.1128539,False,False
COC(=O)c1cccc2nc(C(=O)NC3CCN(C(C)C)CC3)n(Cc3cc(-c4ccc(Cl)s4)on3)c12,112.73,False,4.3562,False,598.1587585,False,False
O=C(NCCS(=O)(=O)NN1CCN(Cc2ccccc2)CC1)c1ccc(Cl)s1,102.49,False,4.8437,False,541.1550531,False,False
CC(C)N1CCC(NC(=O)c2nn(Cc3cc(-c4ccc(Cl)s4)on3)c3ccc(C(=O)NCC(F)(F)F)cc23)CC1,81.75,False,1.7835,False,442.0900103,False,False
CC(C)N1CCC(NC(=O)c2cc(C(=O)NCCO)nn2Cc2cc(-c3ccc(Cl)s3)on2)CC1,105.29,False,5.3492,False,608.1584221,False,False
CC(C)N1CCC(NC(=O)c2cnc(C3CCCC3)n2Cc2cc(-c3ccc(Cl)s3)on2)CC1,125.52,False,2.626,True,520.1659521,False,False
O=C(O)c1ccc2c(cc(C(=O)NC3CCN(c4ccncc4)CC3)n2Cc2cc(-c3ccc(Cl)s3)on2)n1,76.19,False,5.5615,False,501.1965239,False,False
COCCOc1cc2cc(C(=O)NC3CCN(C(C)C)CC3)n(Cc3cc4ccc(Cl)cc4s3)c2cn1,126.38,False,4.9465,False,562.1190019,False,False
O=C(NCCS(=O)(=O)NC1CNC1)c1ccc(Cl)s1,68.62,False,5.5805,False,540.1961896,False,False
COCCOc1cc2cc(C(=O)NC3CCN(C(C)C)CC3)n(Cc3cc4ccc(Cl)nc4s3)c2cn1,87.3,False,0.0225,False,323.016511,True,False
COc1ccc(-c2ccc(C(=O)N3CCC(c4ccc5ccnc(N)c5c4)CC3)s2)cn1,81.51,False,4.9755,False,541.1914386,False,False
CC(C)N1CCC(NC(=O)c2c(C#N)cnn2Cc2cc(-c3ccc(Cl)s3)on2)CC1,81.34,False,4.9689,False,444.161997,False,False
CC(C)N1CCC(NC(=O)c2cc(C(=O)N3CC(O)C3)nn2Cc2cc(-c3ccc(Cl)s3)on2)CC1,99.98,False,3.77558,True,458.1291727,False,False
O=C(NCC1CC(C(=O)N2CCCC2)=NO1)c1cc2ccccc2n1Cc1cc(-c2ccc(Cl)s2)on1,116.73,False,2.7206,True,532.1659521,False,False
CC(NC(=O)c1cc(C(=O)NC2CCN(C(C)C)CC2)n(CC(=O)Nc2ccc(Cl)cn2)n1)C(=O)O,101.96,False,4.5566,False,537.1237529,False,False
CS(=O)(=O)c1ccc2c(c1)cc(C(=O)N1CCC(N3CCCC3=O)CC1)n2CC(=O)Nc1ccc(Cl)cn1,158.55,False,1.3757,False,519.1996947,False,False
CC(C)N1CCC(NC(=O)c2cc3cc(C(=O)OCC(=O)O)ccc3n2CC(=O)Nc2ccc(Cl)cn2)CC1,121.68,False,2.9589,True,557.1499677,False,False
CCOC(=O)OC(C)OC(=O)c1cccc2c1cc(C(=O)NC1CCN(C(C)C)CC1)n2Cc1cc(-c2ccc(Cl)s2)on1,142.86,False,3.1724,True,555.1884614,False,False
CC(C)N1CCC(NC(=O)c2cc(C(=O)NC#N)nn2Cc2cc(-c3ccc(Cl)s3)on2)CC1,125.13,False,6.338,False,642.1914981,False,False
NC(CNC(=O)c1ccc(Cl)s1)C(=O)Nc1ccc(N2CCOCC2=O)cc1,129.08,False,3.11478,True,501.1349863,False,False
CC(C)N1CCC(NC(=O)c2nn(Cc3cc(-c4ccc(Cl)s4)on3)c3ccc(C(=O)NCC(N)=O)cc23)CC1,113.76,False,1.4605,False,422.0815538,False,False
Nc1nccc2ccc(C3CCN(C(=O)c4ccc(-c5ccc(=O)[nH]c5)cc4F)CC3)cc12,148.38,False,3.2722,True,583.1768511,False,False
O=C(Nc1ccc(N2CCS(=O)(=O)CC2)cc1)c1nc2ccccc2n1Cc1cc(-c2ccc(Cl)s2)on1,92.08,False,4.3312,False,442.1805042,False,False
O=C(O)c1ccccc1-c1csc(CN2CCN(S(=O)(=O)c3cc4ccc(Cl)cc4s3)CC2=O)n1,110.33,False,4.9416,False,567.0801739,False,False
CC(C)(C)c1csc(CN2CCN(S(=O)(=O)c3cc4ccc(Cl)cc4s3)CC2=O)n1,107.88,False,4.4095,False,547.0097114,False,False
CC(C)N1CCC(NC(=O)c2nc3cc(OCCO)ccc3n2Cc2nnc(-c3ccc(Cl)s3)s2)CC1,70.58,False,4.3418,False,483.0511822,False,False
COC1CN(C(=O)c2cn(Cc3cc(-c4ccc(Cl)s4)on3)c(C(=O)NC3CCN(C(C)C)CC3)n2)C1,105.4,False,4.2917,False,560.1431085,False,False
CC(C)N1CCC(NS(=O)(=O)CCNC(=O)c2ccc(Cl)cc2)CC1,105.73,False,3.3747,True,546.1816022,False,False
CC(C)N1CCC(NC(=O)c2cc3cc(C(=O)N(CCO)CCO)ccc3n2Cc2cc(-c3ccc(Cl)s3)on2)CC1,78.51,False,1.862,False,387.1383404,True,False
O=C(NCC1CCN(c2ccncc2)CC1)c1nccn1Cc1cc(-c2ccc(Cl)s2)on1,124.07,False,4.0889,False,613.2125679,False,False
O=C(c1nc2ccccc2n1Cc1cc(-c2ccc(Cl)s2)on1)N1CCC(N2CCCC2=O)CC1,89.08,False,4.3427,False,482.1291727,False,False
O=C(NCc1ccccc1)c1cc(OCCc2ccc(Cl)cc2Cl)cc(C(=O)NCC2CCN(c3ccncc3)CC2)c1,84.47,False,4.6815,False,509.1288383,False,False
CC(C)N1CCC(NC(=O)c2cc(C(=O)O)n(Cc3cc(-c4ccc(Cl)s4)on3)n2)CC1,83.56,False,6.5863,False,616.2007963,False,False
CC(C)N1CCC(NC(=O)c2nc3c(C(=O)N4CC(O)C4)cccc3n2Cc2cc3ccc(Cl)cc3s2)CC1,113.49,False,3.6021,True,477.1237529,False,False
CC(C)N1CCC(NC(=O)c2cc(C(=O)NCC(=O)O)nn2Cc2cc(-c3ccc(Cl)s3)on2)CC1,90.7,False,4.372,False,565.1914386,False,False
Nc1nccc2ccc(C3=CCN(C(=O)c4ccc(-c5ccc(=O)[nH]c5)cc4)CC3)cc12,142.59,False,2.7183,True,534.1452166,False,False
CC(C)OC(=O)c1ccc2c(c1)cc(C(=O)NC1CCN(C(C)C)CC1)n2Cc1cc(-c2ccc(Cl)s2)on1,92.08,False,4.1018,False,422.1742759,False,False
O=C(NCCS(=O)(=O)NC1CCN(C2CC2)CC1)c1ccc(Cl)s1,89.6,False,6.2273,False,568.1911042,False,False
O=C1C(NS(=O)(=O)c2cc3ncccc3s2)CCN1Cc1cc2cnccc2[nH]1,78.51,False,1.6775,False,391.0791112,True,False
CC(C)N1CCC(NC(=O)c2nc3c(C(=O)O)cccc3n2CCc2ccc(Cl)cc2)CC1,108.05,False,2.252,True,427.0772814,False,False
N=C(N)c1ccc(O)c(CN2CCC(NS(=O)(=O)c3cc4c(Cl)nccc4s3)C2=O)c1,87.46,False,4.2332,False,468.1928185,False,False
CC(C)N1CCC(NC(=O)c2nc(C(=O)N3CCCOCC3)cn2Cc2cc(-c3ccc(Cl)s3)on2)CC1,149.47,False,2.01877,True,479.0488737,False,False
O=C1C(NS(=O)(=O)c2cc3ccccc3s2)CCN1Cc1cc2ccncc2[nH]1,105.73,False,3.7664,True,560.1972522,False,False
CC(C)N1CCC(NC(=O)c2nc3ccc(C(=O)N4CC(O)C4)cc3n2CC(=O)Nc2ccc(Cl)cn2)CC1,95.16,False,2.857,True,426.0820324,False,False
COC(=O)c1cccc2c1nc(C(=O)NC1CCN(C(C)C)CC1)n2CC(=O)Nc1ccc(Cl)cn1,132.69,False,2.1427,True,553.2204302,False,False
CN(C)C1CCN(C(=O)c2cc3ccccc3n2CC(=O)Nc2ccc(Cl)cc2)CC1,118.45,False,3.1126,True,512.1938811,False,False
N=C(N)c1cccc(CN2CCC(NS(=O)(=O)c3cc4c(F)cccc4s3)C2=O)c1,57.58,True,4.0996,False,438.1822538,False,False
O=C(CCNC(=O)c1ccc(Cl)s1)Nc1ccc(N2CCOCC2=O)c(C(F)(F)F)c1,116.35,False,2.40387,True,446.0882607,False,False
CC(C)N1CCC(NC(=O)c2cc3ccccc3n2CC(=O)Nc2ccc(Cl)cc2)CC1,87.74,False,3.5421,True,475.0580394,False,False
CC(C)N1CCC(NC(=O)c2cc3ccccc3n2Cc2csc(-c3ccc(Cl)cc3)n2)CC1,66.37,False,4.536,False,452.1979038,False,False
CCOC(=O)c1cc(C(=O)NC2CCN(C(C)C)CC2)n(Cc2cccc(OC)c2)n1,50.16,True,6.0691,False,492.1750602,False,False
CC(C)N1CCC(NC(=O)c2cc(-c3cccs3)nn2Cc2cc3ccc(Cl)cc3s2)CC1,85.69,False,2.7193,True,428.2423555,False,False
CC(C)N1CCC(NC(=O)c2cc3cc(OC(C)(C)C(=O)O)ccc3n2CC(=O)Nc2ccc(Cl)cn2)CC1,50.16,True,6.1306,False,498.1314812,False,False
O=C1CN(S(=O)(=O)c2cc3ccc(Cl)cc3s2)CCN1Cc1nc(C(=O)N2CCC(O)C2)cs1,125.79,False,4.173,False,555.2248469,False,False
CC(C)N1CCC(NC(=O)c2nn(Cc3cc(-c4ccc(Cl)s4)on3)c3ccccc23)CC1,111.12,False,2.2511,True,540.0362605,False,False
CC(C)N1CCC(NC(=O)c2cc(C(=O)N3CCC(CO)CC3)nn2Cc2cc(-c3ccc(Cl)s3)on2)CC1,76.19,False,5.0571,False,483.1495738,False,False
O=C(NC1CN(c2cc[n+]([O-])cc2)C1)c1cc2ccccc2n1Cc1cc(-c2ccc(Cl)s2)on1,116.73,False,3.7484,True,574.2129023,False,False
Nc1nccc(NCCN2CCC(NS(=O)(=O)c3cc4ccc(Cl)cc4s3)C2=O)c1Cl,90.24,False,4.3115,False,505.0975382,False,False
N=C(N)c1ccc(O)c(CN2CCC(NS(=O)(=O)c3cc4c(Cl)cccc4s3)C2=O)c1,117.42,False,3.1766,True,499.0306368,False,False
O=C1CN(S(=O)(=O)c2cc3cc(Cl)ccc3[nH]2)CCN1Cc1cc2cnccc2[nH]1,136.58,False,2.62377,True,478.0536248,False,False
COc1cccc(-c2ccc(S(=O)(=O)NC3CCN(Cc4cccc(C(=N)N)c4)C3=O)cc2)c1,102.16,False,2.7307,True,443.0818881,False,False
CC(C)N1CCC(NC(=O)c2cc3c(CO)cccc3n2Cc2cc(-c3ccc(Cl)s3)on2)CC1,125.58,False,2.72567,True,478.1674763,False,False
CCOC(=O)CNC(=O)c1cc(C(=O)NC2CCN(C(C)C)CC2)n(Cc2cc(-c3ccc(Cl)s3)on2)n1,83.53,False,5.1544,False,512.1648895,False,False
COC(=O)c1ccc2c(c1)nc(C(=O)NC1CCN(C(C)C)CC1)n2CC(=O)Nc1ccc(Cl)cn1,131.59,False,3.1968,True,562.1765168,False,False
O=C(CCNS(=O)(=O)c1ccc(Cl)s1)Nc1ccc(-n2ccncc2=O)cc1,118.45,False,3.1126,True,512.1938811,False,False
COC(=O)c1cc(C(=O)NC2CCN(C(C)C)CC2)n(Cc2cc(-c3ccc(Cl)s3)on2)n1,110.16,False,2.2545,True,438.0223246,False,False
CC(C)N1CCC(NC(=O)CCNC(=O)c2ccc(Cl)s2)CC1,102.49,False,3.6905,True,491.139403,False,False
COCCCOc1cccc2c1cc(C(=O)NC1CCN(C(C)C)CC1)n2Cc1cccc(OC)c1,61.44,False,2.5104,True,357.1277757,True,False
O=C1C(NS(=O)(=O)c2ccc(-c3ccc(Cl)s3)s2)CCN1Cc1cc2ccncc2[nH]1,64.96,False,4.7161,False,493.2940567,False,False
CC(C)N1CCC(NC(=O)c2cc(C(=O)OCc3ccccc3)n(CC(=O)Nc3ccc(Cl)cn3)c2)CC1,95.16,False,4.0857,False,492.0151311,False,False
COC(=O)c1ccc(C(=O)NC2CCN(C(C)C)CC2)n1Cc1cc(-c2ccc(Cl)s2)on1,105.56,False,4.1348,False,537.2142822,False,False
COC(=O)c1ccc2nc(C(=O)NC3CCN(C(C)C)CC3)n(CC(=O)Nc3ccc(Cl)cn3)c2c1,89.6,False,4.2955,False,490.144154,False,False
CC(C)N1CCC(NC(=O)c2cc3cc(C(=O)OCCN4CCOCC4)ccc3n2Cc2cc(-c3ccc(Cl)s3)on2)CC1,118.45,False,3.1126,True,512.1938811,False,False
CCOC(=O)Cc1nc(CN2CCN(S(=O)(=O)c3cc4ccc(Cl)cc4s3)CC2=O)sc1CN,102.07,False,5.1511,False,639.228218,False,False
CC(C)N1CCC(NC(=O)c2nc3c(OCCO)cccc3n2CC(=O)Nc2ccc(Br)cn2)CC1,122.9,False,2.6086,True,542.0519105,False,False
CC(C)N1CCC(NC(=O)c2cc(C(=O)NC3CCC3)nn2Cc2cc(-c3ccc(Cl)s3)on2)CC1,121.61,False,2.8062,True,558.1590156,False,False
CC(C)N1CCC(NC(=O)c2nn(Cc3cc(-c4ccc(Cl)s4)on3)c3ccc(C(=O)NCCO)cc23)CC1,105.29,False,4.1862,False,530.1866875,False,False
CC(C)N1CCC(NC(=O)c2cc(C(=O)NCCCN3CCCC3=O)nn2Cc2cc(-c3ccc(Cl)s3)on2)CC1,125.52,False,3.7792,True,570.1816022,False,False
COC(=O)CCc1cn(Cc2cc(-c3ccc(Cl)s3)on2)c(C(=O)NC2CCN(C(C)C)CC2)n1,125.6,False,3.6462,True,601.2238013,False,False
N=C(N)c1ccc(O)c(CN2CCC(NS(=O)(=O)c3cc4ccncc4s3)C2=O)c1,102.49,False,4.0095,False,519.1707031,False,False
CC(C)N1CCC(NC(=O)c2nc(C(=O)N(C)CCO)cn2Cc2cc(-c3ccc(Cl)s3)on2)CC1,149.47,False,1.36537,False,445.0878461,False,False
COc1cccc(CN(C(=O)c2c(C)c3ccccc3n2Cc2cccc(OC)c2)C2CCN(C(C)C)CC2)c1,116.73,False,2.9682,True,534.1816022,False,False
O=C(c1nc2ccccc2n1Cc1cc(-c2ccc(Cl)s2)on1)N1CCN(Cc2ccncc2)CC1,46.94,True,6.53042,False,539.3147922,False,False
CC(C)N1CCC(NC(=O)c2c(C#N)cnn2CC(=O)Nc2ccc(Cl)cc2)CC1,80.29,False,4.8075,False,518.1291727,False,False
O=C1C(NS(=O)(=O)c2ccc(-c3ccc(Cl)s3)s2)CCN1Cc1cc2cnccc2[nH]1,103.05,False,2.64948,True,428.1727517,False,False
COCCCOc1cc2cc(C(=O)NC3CCN(C(C)C)CC3)n(CC(=O)Nc3ccc(Cl)cn3)c2cn1,95.16,False,4.0857,False,492.0151311,False,False
CC(C)N1CCC(NC(=O)c2cc(C(=O)N3CCCOCC3)nn2CC(=O)Nc2ccc(Cl)cn2)CC1,110.61,False,3.7413,True,542.2408313,False,False
COc1ccc(-c2ccc(C(=O)NCC=Cc3cc(C(=N)N)ccc3O)cc2)cn1,121.69,False,2.0353,True,531.2360802,False,False
CC(C)N1CCC(NC(=O)c2cc(C(=O)N3CCCOCC3)nn2Cc2cc3ccc(Cl)cc3s2)CC1,121.32,False,3.19007,True,402.1691906,True,False
CC(C)N1CCC(NC(=O)c2cc3cc(C(=O)N4CCC(O)CC4)ccc3n2Cc2cc(-c3ccc(Cl)s3)on2)CC1,79.7,False,4.2646,False,543.2070886,False,False
O=C(NCC(F)(F)C(=O)Nc1ccc(N2CCOCC2=O)cc1)c1ccc(Cl)s1,103.84,False,5.259,False,609.2176533,False,False
CC(C)N1CCC(NC(=O)c2cc3ccccc3n2Cc2cc(-c3ccc(Cl)s3)on2)C1,87.74,False,2.7685,True,443.0518111,False,False
CC(C)N1CCC(NC(=O)c2c(Br)c3ccccc3n2Cc2cc(-c3ccc(Cl)s3)on2)CC1,63.3,False,5.272,False,468.1386747,False,False
CC(C)N1CCC(NC(=O)c2cc(C(=O)OCC3CC3)nn2CC(=O)Nc2ccc(Cl)cn2)CC1,63.3,False,6.4246,False,560.0648369,False,False
COCCOc1cc2cc(C(=O)NC3CCN(C(C)C)CC3)n(Cc3cc(-c4ccc(Cl)s4)on3)c2cn1,118.45,False,2.7396,True,502.2095312,False,False
CC(C)N1CCC(NC(=O)c2ccccc2CNC(=O)c2ccc(Cl)s2)CC1,94.65,False,5.0823,False,557.1863532,False,False
Cc1ccc(=O)n(-c2ccc(NC(=O)c3nc4ccccc4n3Cc3cc(-c4ccc(Cl)s4)on3)cc2)n1,61.44,False,3.9341,True,419.1434258,True,False
COCCOc1cccc2nc(C(=O)NC3CCN(C(C)C)CC3)n(CC(=O)Nc3ccc(Cl)cn3)c12,107.84,False,5.56112,False,542.0927871,False,False
CCOC(=O)c1cc(C(=O)NC2CCN(C(C)C)CC2)nn1Cc1cc(-c2ccc(Cl)s2)on1,110.61,False,3.3512,True,528.2251812,False,False
CSc1nccc(-c2ccc(S(=O)(=O)NC3CCN(Cc4cccc(C(=N)N)c4)C3=O)s2)n1,102.49,False,4.0806,False,505.1550531,False,False
CC(C)N1CCC(NC(=O)c2nc3cc(OCCCO)ccc3n2CC(=O)Nc2ccc(Cl)cn2)CC1,142.13,False,2.29047,True,502.0915516,False,False
O=C(NCC1CN(c2ccncc2)C1)c1cc2ccccc2n1Cc1cc(-c2ccc(Cl)s2)on1,121.61,False,3.0872,True,528.2251812,False,False
O=C(O)c1ccc2nc(C(=O)NC3CCN(C4CC4)CC3)n(Cc3cc(-c4ccc(Cl)s4)on3)c2c1,76.19,False,5.3207,False,503.1182736,False,False
CC(C)N1CCC(NC(=O)c2nc3c(C(=O)NCCO)cccc3n2Cc2cc3ccc(Cl)cc3s2)CC1,113.49,False,4.5093,False,525.1237529,False,False
CC(C)N1CCC(NC(=O)c2nc3c(OCCO)nccc3n2CC(=O)Nc2ccc(Cl)cn2)CC1,99.49,False,4.2774,False,553.1914386,False,False
CC(C)N1CCC(NC(=O)c2cc3cc(C(=O)N4CCC(F)(F)CC4)ccc3n2Cc2cc(-c3ccc(Cl)s3)on2)CC1,134.5,False,2.0921,True,515.2047801,False,False
N=C(N)c1c[nH]c2ccc(CCNC(=O)c3cccc(Cl)c3)cc12,83.61,False,6.5334,False,629.2038951,False,False
CC(C)N1CCC(NC(=O)c2nn(Cc3cc(-c4ccc(Cl)s4)on3)c3ccc(C(=O)N(C)CCO)cc23)CC1,94.76,False,3.07787,True,340.1090888,True,False
C=C(CNC(=O)c1ccc(Cl)s1)S(=O)(=O)NC1CCN(C(C)C)CC1,116.73,False,4.1214,False,584.1972522,False,False
O=C(c1cnc(C(=O)N2CCCOCC2)n1Cc1cc(-c2ccc(Cl)s2)on1)N1CCCOCC1,78.51,False,2.4372,True,405.0947613,True,False
Nc1ccnc2ccc(CN3CCC(NS(=O)(=O)c4cc5ccccc5s4)C3=O)cc12,102.93,False,3.0263,True,519.1343176,False,False
O=C(NCC1CCN(c2ccncc2)CC1)c1ccc(Cl)c(OCCc2ccccc2)c1,105.39,False,3.1111,True,452.0976825,False,False
CC(C)N1CCC(NC(=O)c2nc3c(C(=O)N4CCN(C)CC4)cccc3n2Cc2cc3ccc(Cl)cc3s2)CC1,54.46,True,5.0029,False,449.1870048,False,False
CCOC(=O)OC(C)OC(=O)c1ccc2c(c1)cc(C(=O)NC1CCN(C(C)C)CC1)n2CC(=O)Nc1ccc(Cl)cn1,73.71,False,4.9429,False,592.2387231,False,False
CC(C)N1CCC(NC(=O)c2cc3cc(C(=O)N4CC(O)C4)ccc3n2CC(=O)Nc2ccc(Cl)cn2)CC1,141.09,False,4.6069,False,613.2303262,False,False
CC(C)N1CCC(NC(=O)c2nc(C(=O)N(C)C)cn2Cc2cc(-c3ccc(Cl)s3)on2)CC1,119.8,False,2.7477,True,552.2251812,False,False
COc1ccc(-c2ccc(C(=O)N3CCC(c4cccc(CN)c4)CC3)cc2)cn1,96.5,False,3.6057,True,504.1710375,False,False
CC(C)N1CCC(NC(=O)c2cc(C(=O)N3CCC3)nn2Cc2cc(-c3ccc(Cl)s3)on2)CC1,68.45,False,4.2357,False,401.2103271,True,False
CCOCCOc1cccc2c1nc(C(=O)NC1CCN(C(C)C)CC1)n2CC(=O)Nc1ccc(Cl)cn1,96.5,False,3.7498,True,516.1710375,False,False
CC(C)N1CCC(NC(=O)c2nc3ccccc3n2Cc2cc(-c3ccc(Cl)s3)on2)CC1,110.61,False,3.7413,True,542.2408313,False,False
CC(C)N1CCC(NC(=O)c2cc(C(=O)O)nn2CCNC(=O)c2cccc(Cl)c2)CC1,76.19,False,5.0571,False,483.1495738,False,False
COc1cccc(Cn2ccnc2C(=O)NCC2CN(c3ccncc3)C2)c1,116.56,False,2.2673,True,461.1829821,False,False
COC1CN(C(=O)c2cccc3c2nc(C(=O)NC2CCN(C(C)C)CC2)n3Cc2cc(-c3ccc(Cl)s3)on2)C1,72.28,False,2.2012,True,377.185175,True,False
CCOC(=O)OC(C)OC(=O)c1ccc2c(c1)cc(C(=O)NC1CCN(C(C)C)CC1)n2Cc1cc(-c2ccc(Cl)s2)on1,105.73,False,4.5279,False,596.1972522,False,False
CC(C)N1CCC(NC(=O)c2nc3cc(C(=O)OCC(=O)O)ccc3n2Cc2cc(-c3ccc(Cl)s3)on2)CC1,125.13,False,6.338,False,642.1914981,False,False
CC(C)N1CCC(NC(=O)c2nc3cc(OCCN4CCOCC4)ccc3n2CC(=O)Nc2ccc(Cl)cn2)CC1,139.79,False,4.2985,False,585.1448823,False,False
CC(C)N1CCC(NC(=O)c2cc3nc(O)ccc3n2Cc2cc(-c3ccc(Cl)s3)on2)CC1,113.85,False,3.037,True,583.2673804,False,False
CON(C)C(=O)c1csc(CN2CCN(S(=O)(=O)c3cc4ccc(Cl)nc4s3)CC2=O)n1,96.42,False,4.7627,False,499.1444884,False,False
Nc1nccc2ccc(CN3CCN(S(=O)(=O)c4cc5ccc(Cl)cc5s4)CC3=O)cc12,113.01,False,2.0727,True,515.0158594,False,False
CC(C)N1CCC(NC(=O)c2nn(Cc3cc(-c4ccc(Cl)s4)on3)c3ccc(C(=O)NCCN4CCNC4=O)cc23)CC1,96.6,False,3.7182,True,486.0587101,False,False
CNC(CNC(=O)c1ccc(Cl)s1)C(=O)Nc1ccc(N2CCOCC2=O)c(F)c1,137.63,False,3.8121,True,638.2190503,False,False
C#Cc1ccc(NC(=O)Cn2c(C(=O)NC3CCN(C(C)C)CC3)cc3ccccc32)cc1,99.77,False,1.8603,False,454.087782,False,False
COC(=O)C1CN(S(=O)(=O)c2cc3ccc(Cl)cc3s2)CC(=O)N1Cc1ccc2c(N)ncnc2c1,66.37,False,3.8639,True,442.2368762,False,False
COC(=O)C1CN(S(=O)(=O)c2cc3ccc(Cl)cc3s2)CC(=O)N1Cc1cc2cnccc2[nH]1,135.79,False,2.6548,True,545.0594384,False,False
COc1ccc(-c2ccc(C(=O)N3CC=C(c4cccc(C(=N)N)c4)CC3)cc2)cn1,112.67,False,3.0057,True,518.0485394,False,False
O=C(Cn1c(C(=O)N2CCN(Cc3ccncc3)CC2)nc2ccccc21)Nc1ccc(Cl)cn1,92.3,False,3.97077,True,412.189926,True,False
CC(C)N1CCC(NC(=O)c2cc([N+](=O)[O-])nn2CC(=O)Nc2ccc(Cl)cn2)CC1,96.25,False,3.0764,True,489.1680007,False,False
CC(C)N1CCC(NC(=O)c2cn(Cc3cc(-c4ccc(Cl)s4)on3)nc2C(F)(F)F)CC1,135.29,False,2.081,True,449.1578299,False,False
CC(C)N1CCC(NC(=O)c2cc3cc(Cl)ccc3n2CC(=O)Nc2ccc(Cl)cn2)CC1,76.19,False,4.9227,False,501.1213083,False,False
COCCOCCOc1ccc2c(c1)cc(C(=O)NC1CCN(C(C)C)CC1)n2CC(=O)Nc1ccc(Cl)cn1,79.26,False,4.5844,False,487.1541805,False,False
CC(C)N1CCC(NC(=O)c2cnc(-c3c(Cl)cccc3Cl)n2Cc2cc(-c3ccc(Cl)s3)on2)CC1,106.95,False,3.9728,True,571.256147,False,False
CC(C)N1CCC(NC(=O)c2cc(C(=O)NCCCO)nn2Cc2cc(-c3ccc(Cl)s3)on2)CC1,76.19,False,6.8777,False,577.0872791,False,False
CC(OC(=O)OC1CCCCC1)OC(=O)c1ccc2nc(C(=O)NC3CCN(C(C)C)CC3)n(CC(=O)Nc3ccc(Cl)cn3)c2c1,125.52,False,3.0161,True,534.1816022,False,False
N=C(N)c1cccc(CN2CC(NS(=O)(=O)c3ccc(-c4ccccn4)s3)CC2=O)c1,153.98,False,5.3147,False,668.2725253,False,False
CC(C)N1CCC(NC(=O)c2cc3cc(C(=O)O)ccc3n2CC(=O)Nc2ccc(Cl)cc2)CC1,129.24,False,2.17357,True,455.1085815,False,False
CC(C)N1CCC(NC(=O)c2nccn2Cc2cc(-c3ccc(Cl)s3)on2)CC1,103.67,False,4.2342,False,496.1877331,False,False
CC(C)N1CCC(N(C)C(=O)c2nc3ccc(OCCO)cc3n2CC(=O)Nc2ccc(Cl)cn2)CC1,76.19,False,3.9039,True,433.1339237,False,False
CCOC(=O)c1cc(C(=O)NC2CCN(C(C)C)CC2)n(Cc2cc(-c3ccc(Cl)s3)on2)n1,112.82,False,3.0393,True,528.2251812,False,False
COc1cccc(Cn2c(C(=O)NC3CCN(C(C)C)CC3)nc3cccc(C(=O)O)c32)c1,102.49,False,4.0806,False,505.1550531,False,False
CC(C)N1CCC(NC(=O)c2nc3c(C(=O)O)cccc3n2Cc2cc(-c3ccc(Cl)s3)on2)CC1,96.69,False,3.394,True,450.2267054,False,False
CC(C)N1CCC(NC(=O)c2cc(C(=O)NC3=NCCO3)nn2Cc2cc(-c3ccc(Cl)s3)on2)CC1,113.49,False,4.7553,False,527.139403,False,False
CC(C)N1CCC(NC(=O)c2cc(C(=O)OCc3ccccc3)n(Cc3cc(-c4ccc(Cl)s4)on3)c2)CC1,126.88,False,3.0199,True,545.1612011,False,False
O=C(Nc1nc(-c2cccnc2)cs1)c1cc2ccccc2n1Cc1cc(-c2ccc(Cl)s2)on1,89.6,False,5.8659,False,566.1754542,False,False
O=C(NC1CCN(c2ccncn2)CC1)c1cc2ccccc2n1Cc1cc(-c2ccc(Cl)s2)on1,85.84,False,6.8303,False,517.0433944,False,False
CC(C)N1CCC(NC(=O)c2cc(OCC(F)F)nn2CC(=O)Nc2ccc(Cl)cn2)CC1,89.08,False,5.2483,False,518.1291727,False,False
Nc1ncnc2cc(CN3C(=O)CN(S(=O)(=O)c4cc5ccc(Cl)cc5s4)CC3CC(=O)O)ccc12,101.38,False,2.8167,True,484.1801228,False,False
O=C(CCNC(=O)c1ccc(Cl)s1)Nc1ccc(-n2ccccc2=O)cc1C(=O)O,146.79,False,2.9565,True,545.0594384,False,False
CC(C)N1CCC(NC(=O)c2cc(C(=O)NCCC(=O)O)nn2Cc2cc(-c3ccc(Cl)s3)on2)CC1,117.5,False,3.0092,True,445.0499193,False,False
CC(C)N1CCC(NC(=O)c2nn(CC(=O)Nc3ccc(Cl)cn3)c3ccc(C(=O)N4CCCOCC4)cc23)CC1,142.59,False,3.1084,True,548.1608667,False,False
CC(C)N1CCC(NC(=O)c2nc3cc(C(=O)O)ccc3n2Cc2cc(-c3ccc(Cl)s3)on2)CC1,121.69,False,3.1885,True,581.2517303,False,False
CC(C)N1CCC(NC(=O)c2nc3cc(C(=O)N4CCCOCC4)ccc3n2CC(=O)Nc2ccc(Cl)cn2)CC1,113.49,False,4.7553,False,527.139403,False,False
CC(C)N1CCC(NC(=O)c2nc3cc(O)ccc3n2CC(=O)Nc2ccc(Cl)cn2)CC1,121.69,False,3.1885,True,581.2517303,False,False
O=C(Cn1c(C(=O)Nc2ccc(N3CCOCC3=O)cc2)nc2c(C(=O)O)cccc21)Nc1ccc(Cl)cn1,112.38,False,3.0316,True,470.1833164,False,False
CC(C)N1CCC(NC(=O)c2cc(NC(=O)C(F)F)nn2CC(=O)Nc2ccc(Cl)cn2)CC1,155.75,False,3.0371,True,548.1211101,False,False
O=C1CN(S(=O)(=O)c2cc3ccc(Cl)cc3s2)CCN1Cc1nc(-c2ccccc2)cs1,121.25,False,2.3764,True,497.1753718,False,False
CC(C)N1CCC(NC(=O)c2cc3ccccc3n2CC(=O)Nc2ccc(Br)cc2)CC1,70.58,False,4.7113,False,503.0198821,False,False
Cc1ccc2cc(C(=O)NC3CCN(C(C)C)CC3)n(Cc3cc(-c4ccc(Cl)s4)on3)c2c1,66.37,False,4.6451,False,496.1473883,False,False
CC(C)N1CCC(NC(=O)c2cncn2Cc2cc(-c3ccc(Cl)s3)on2)CC1,63.3,False,5.97052,False,496.1699748,False,False
COCCOC(=O)c1cccc2c1nc(C(=O)NC1CCN(C(C)C)CC1)n2CC(=O)Nc1ccc(Cl)cn1,76.19,False,3.9039,True,433.1339237,False,False
CC(C)N1CCC(NC(=O)c2cc3ccccc3n2CC(=O)Nc2ccc(I)cc2)CC1,127.68,False,3.1292,True,556.2200958,False,False
COCCOc1ccc2c(c1)nc(C(=O)NC1CCN(C(C)C)CC1)n2CC(=O)Nc1ccc(Cl)cn1,66.37,False,4.4872,False,544.1335242,False,False
CC1CN(S(=O)(=O)c2cc3ccc(Cl)cc3s2)CC(=O)N1Cc1ccc2c(N)ncnc2c1,110.61,False,3.3512,True,528.2251812,False,False
Nc1nccc2ccc(CN3CCC(NS(=O)(=O)c4cc5ncccc5s4)C3=O)cc12,109.49,False,3.5017,True,501.0696092,False,False
CC(C)N1CCC(NC(=O)c2cc3c(-c4nnc(O)o4)cccc3n2Cc2cc(-c3ccc(Cl)s3)on2)CC1,118.28,False,2.5061,True,453.0929315,False,False
CC(C)N1CCC(NC(=O)c2nn(Cc3cc(-c4ccc(Cl)s4)on3)c3ccc(C(=O)N4CCCOCC4)cc23)CC1,122.45,False,5.4177,False,566.150302,False,False
CC(C)N1CCC(NC(=O)c2cc3cc(C(=O)NCCN4CCNC4=O)ccc3n2Cc2cc(-c3ccc(Cl)s3)on2)CC1,105.73,False,4.9196,False,610.2129023,False,False
COC(=O)c1ccc2c(c1)c(C(=O)NC1CCN(C(C)C)CC1)nn2Cc1cc(-c2ccc(Cl)s2)on1,124.74,False,4.4171,False,637.2238013,False,False
CN(C)Cc1nccn1-c1ccc(NC(=O)c2cc(C(F)(F)F)nn2-c2ccc3onc(N)c3c2)c(F)c1,102.49,False,4.8437,False,541.1550531,False,False
CC(C)N1CCC(NC(=O)c2nc3cc(C(=O)O)ccc3n2Cc2cnc(-c3ccc(Cl)s3)s2)CC1,120.03,False,4.2532,False,528.1645348,False,False
CC(C)N1CCC(NC(=O)c2cc(C(=O)N3CCOC3=O)nn2Cc2cc(-c3ccc(Cl)s3)on2)CC1,100.35,False,5.2238,False,543.1165594,False,False
O=C(C1CCN(c2ccncc2)CC1)N1CCN(S(=O)(=O)c2ccc3cc(Cl)ccc3c2)CC1,122.8,False,3.4963,True,546.1452166,False,False
CC(C)N1CCC(NC(=O)c2nc3ccc(C(=O)OCCO)cc3n2Cc2cc(-c3ccc(Cl)s3)on2)CC1,73.82,False,3.6377,True,498.1492394,False,False
COCCOc1cc2cc(C(=O)NC3CCNCC3)n(CC(=O)Nc3ccc(Cl)cn3)c2cn1,122.72,False,4.2062,False,571.1656177,False,False
CC(C)N1CCC(NC(=O)c2cc3cc(OCCO)ccc3n2CC(=O)Nc2ccc(Cl)cn2)CC1,119.4,False,2.2304,True,486.178231,False,False
O=C(O)c1ccc2c(c1)cc(C(=O)NC1CCN(c3ccccn3)CC1)n2Cc1cc(-c2ccc(Cl)s2)on1,108.72,False,3.3021,True,513.2142822,False,False
CC(C)N1CCC(NC(=O)c2nc3c(OCCO)nccc3n2Cc2cc(-c3ccc(Cl)s3)on2)CC1,113.49,False,5.5515,False,561.1237529,False,False
COc1cccc(Cn2c(C(=O)NC3CCN(C(C)C)CC3)cc3cc(C(=O)O)ccc32)c1,118.54,False,3.8232,True,544.1659521,False,False
Cc1oc(=O)oc1COC(=O)c1ccc2c(c1)cc(C(=O)NC1CCN(C(C)C)CC1)n2Cc1cc(-c2ccc(Cl)s2)on1,83.8,False,3.999,True,449.2314565,False,False
CC(C)N1CCC(NC(=O)c2nc3c(C(=O)O)cccc3n2Cc2cc3cc(Cl)ccc3s2)CC1,132.95,False,5.87372,False,638.160198,False,False
CC(C)N1CCC(NC(=O)c2cc3cc(-c4noc(O)n4)ccc3n2Cc2cc(-c3ccc(Cl)s3)on2)CC1,87.46,False,5.2535,False,510.1492394,False,False
COCC1CN(S(=O)(=O)c2cc3ccc(Cl)cc3s2)CC(=O)N1Cc1nc(-c2cccnc2)cs1,122.45,False,5.4177,False,566.150302,False,False
CNC(=O)CN1CCN(C(=O)c2nc3ccccc3n2Cc2cc(-c3ccc(Cl)s3)on2)CC1,92.7,False,4.1213,False,548.0413458,False,False
CC(C)N1CCC(NC(=O)c2cc3cc([N+](=O)[O-])ccc3n2CC(=O)Nc2ccc(Cl)cc2)CC1,96.5,False,2.9583,True,498.1240873,False,False
O=C(NCC1CC1)c1cc(OCCc2ccc(Cl)cc2Cl)cc(C(=O)NCC2CCN(c3ccncc3)CC2)c1,109.51,False,4.4442,False,497.1829821,False,False
CC(C)N1CCC(NC(=O)c2cc(C(=O)N3CC(O)C3)nn2CC(=O)Nc2ccc(Cl)cn2)CC1,83.56,False,5.7961,False,580.2007963,False,False
COCCOc1cccc2c1nc(C(=O)NC1CCN(C(C)C)CC1)n2CC(=O)Nc1ccc(Cl)cn1,132.69,False,0.9895,False,503.2047801,False,False
CC(C)N1CCC(NC(=O)c2nc3ccc(C(=O)N(C)CCO)cc3n2Cc2cc(-c3ccc(Cl)s3)on2)CC1,110.61,False,3.3512,True,528.2251812,False,False
O=C(Cn1c(C(=O)Nc2ccc(-n3ccncc3=O)cc2)nc2ccccc21)Nc1ccc(Cl)cn1,116.73,False,4.1214,False,584.1972522,False,False
Nc1nccc2ccc(C3CCN(C(=O)c4ccc(-c5cccnc5)cc4)CC3)cc12,123.8,False,3.5216,True,499.1159651,False,False
CC(C)N1CCC(NC(=O)c2nn(CC(=O)Nc3ccc(Cl)cn3)c3ccc(C(=O)O)cc23)CC1,72.11,False,4.8988,False,408.1950114,True,False
COC(=O)c1cc(C(=O)NC2CCN(C(C)C)CC2)n(CC(=O)Nc2ccc(Cl)cn2)n1,129.45,False,3.0242,True,498.178231,False,False
COCCOCCOc1cc2cc(C(=O)NC3CCN(C(C)C)CC3)n(CC(=O)Nc3ccc(Br)cn3)c2cn1,118.45,False,1.9594,False,462.178231,False,False
CC(C)N1CCC(NC(=O)c2cc3cc(C(N)=O)ccc3n2Cc2cc(-c3ccc(Cl)s3)on2)CC1,119.84,False,3.4769,True,616.2008804,False,False
N=C(N)c1cccc(C2CCN(C(=O)c3ccc(-c4cc[n+]([O-])cc4)cc3)CC2)c1,106.39,False,4.761,False,525.1601384,False,False
COc1cccc(Cn2ccnc2C(=O)NC2CN(c3ccncc3)C2)c1,97.12,False,3.29087,True,400.189926,True,False
COc1ccc2ccc(S(=O)(=O)NC3CCN(Cc4csc(C(=N)N)c4)C3=O)cc2c1,72.28,False,1.9536,False,363.1695249,True,False
CC(C)N1CCC(NC(=O)c2cc(C(=O)NCCN3CCNC3=O)nn2Cc2cc(-c3ccc(Cl)s3)on2)CC1,125.58,False,2.27337,True,458.1082472,False,False
COc1cc(NC(=O)C(N)CNC(=O)c2ccc(Cl)s2)ccc1N1CCOCC1=O,137.63,False,2.6589,True,588.2034002,False,False
O=C(Cn1c(=O)ccn(-c2ccc(NC(=O)c3nc4ccccc4n3CC(=O)Nc3ccc(Cl)cn3)cc2)c1=O)Nc1ccc(Cl)cn1,122.99,False,1.4691,False,452.0921185,False,False
Nc1ccc2ccc(CN3CCC(NS(=O)(=O)c4cc5ccc(Cl)cc5s4)C3=O)cc2n1,174.9,False,3.9754,True,683.1199202,False,False
COC(=O)c1cnc2[nH]c(C(=O)N(Cc3cc(-c4ccc(Cl)s4)on3)C3CCN(C(C)C)CC3)cc2c1,105.39,False,3.7645,True,486.0587101,False,False
N=C(N)c1cccc(CN2CCC(NS(=O)(=O)c3ccc(-c4ccncc4)s3)C2=O)c1,104.56,False,5.2346,False,541.1550531,False,False
CC(C)N1CCC(NC(=O)c2nccn2CCc2ccc(Cl)cc2)CC1,129.24,False,2.17357,True,455.1085815,False,False
CC(C)N1CCC(NC(=O)c2nc3c(OCCO)cccc3n2Cc2cc3ccc(Cl)cc3s2)CC1,50.16,True,3.3818,True,374.1873392,True,True
N=C(N)c1c[nH]c2ccc(CCNC(=O)c3ccc(N4CCOCC4)nc3)cc12,79.62,False,4.9264,False,526.1805395,False,False
CC(C)N1CCC(NC(=O)c2nc3ccc(OCCN4CCOCC4)cc3n2CC(=O)Nc2ccc(Cl)cn2)CC1,120.12,False,1.65607,False,392.196074,True,False
CC(C)ONC(=O)c1ccc2c(c1)cc(C(=O)NC1CCN(C(C)C)CC1)n2Cc1cc(-c2ccc(Cl)s2)on1,113.85,False,3.037,True,583.2673804,False,False
CCN1CCN(c2ccc(NC(=O)c3nc4ccccc4n3CC(=O)Nc3ccc(Cl)cn3)cc2)C(=O)C1=O,101.63,False,5.7319,False,583.2020032,False,False
CCOC(=O)OC(C)OC(=O)c1ccc2c(c1)nc(C(=O)NC1CCN(C(C)C)CC1)n2CC(=O)Nc1ccc(Cl)cn1,129.53,False,3.1708,True,545.1578299,False,False
COc1cc2cc(C(=O)N3CCC(Nc4ccncc4)CC3)n(Cc3cc(-c4ccc(Cl)s4)on3)c2cn1,153.98,False,4.0019,False,614.2255751,False,False
CC(C)N1CCC(NC(=O)c2nc3c(C(=O)N4CCC(O)CC4)cccc3n2Cc2cc(-c3ccc(Cl)s3)on2)CC1,98.31,False,5.5748,False,548.1397373,False,False
O=C(Cn1c(C(=O)Nc2ccc(-n3ccc(=O)[nH]c3=O)cc2)nc2ccccc21)Nc1ccc(Cl)cn1,116.73,False,4.654,False,610.2129023,False,False
CC(C)N1CCC(NC(=O)c2cc3c(Br)cccc3n2Cc2cc(-c3ccc(Cl)s3)on2)CC1,143.77,False,2.8149,True,515.1108797,False,False
CC(C)N1CCC(NC(=O)c2cc3cc(S(C)(=O)=O)ccc3n2CC(=O)Nc2ccc(Cl)cn2)CC1,113.49,False,4.4084,False,531.1707031,False,False
CC(C)NCC1CN(S(=O)(=O)c2cc3ccc(Cl)cc3[nH]2)CC(=O)N1Cc1ccc2c(N)ncnc2c1,63.3,False,6.4246,False,560.0648369,False,False
COc1cccc(Cn2ccnc2C(=O)NCC2CCN(c3ccncc3)CC2)c1,113.4,False,3.3345,True,531.1707031,False,False
CC(C)N1CCC(N(CC(=O)O)C(=O)c2cc3c(C(F)(F)F)cccc3n2Cc2cc(-c3ccc(Cl)s3)on2)CC1,137.31,False,2.7464,True,541.1662864,False,False
O=C(O)c1scc2c1nc(C(=O)NC1CCN(C3CC3)CC1)n2Cc1cc(-c2ccc(Cl)s2)on1,72.28,False,2.9814,True,405.2164751,True,False
Nc1nccc2ccc(C3CCN(C(=O)c4ccc(-c5ccc(=O)[nH]c5)nc4)CC3)cc12,91.81,False,6.4779,False,608.1471887,False,False
CC(=O)OC(C)OC(=O)c1cccc2c1cc(C(=O)NC1CCN(C(C)C)CC1)n2Cc1cc(-c2ccc(Cl)s2)on1,113.49,False,4.5708,False,531.0801739,False,False
COC(=O)c1cn(Cc2cc(-c3ccc(Cl)s3)on2)c(C(=O)NC2CCN(C(C)C)CC2)n1,104.97,False,3.5871,True,425.185175,False,False
N=C(N)c1ccc(N)c(CN2CCC(NS(=O)(=O)c3ccc(-c4ccc(Cl)s4)s3)C2=O)c1,115.9,False,5.728,False,612.1809335,False,False
NC(CNC(=O)c1ccc(Cl)s1)C(=O)Nc1ccc(N2CCOCC2=O)c(C(F)F)c1,102.49,False,3.6905,True,491.139403,False,False
CCOC(=O)C1CN(S(=O)(=O)c2cc3ccc(Cl)cc3s2)CC(=O)N1Cc1ccc2c(N)ncnc2c1,142.37,False,3.07567,True,509.0416802,False,False
CC(C)N1CCC(NC(=O)c2cc([N+](=O)[O-])cn2Cc2cc(-c3ccc(Cl)s3)on2)CC1,113.76,False,2.3981,True,472.0783602,False,False
COCCOCCOCc1ncc(C(=O)NC2CCN(C(C)C)CC2)n1Cc1cc(-c2ccc(Cl)s2)on1,135.79,False,3.0449,True,559.0750885,False,False
CC(C)N1CCC(NC(=O)c2cc3ccccc3n2Cc2cnc(-c3ccc(Cl)s3)s2)CC1,106.44,False,4.4171,False,477.1237529,False,False
CC(C)N1CCC(NC(=O)c2nc3c(C(=O)NCCO)cccc3n2CC(=O)Nc2ccc(Cl)cn2)CC1,103.88,False,4.0835,False,565.2125679,False,False
O=C(Nc1ccc(C(=O)N2CCCCC2)cc1)c1nn(Cc2cc(-c3ccc(Cl)s3)on2)c2ccccc12,50.16,True,6.1306,False,498.1314812,False,False
CC(C)N1CCC(NC(=O)c2nc3cc(OCCO)ccc3n2CC(=O)Nc2ccc(Cl)cn2)CC1,141.48,False,2.0481,True,541.2204302,False,False
CC(C)N1CCC(NC(=O)c2cc(N)nn2CC(=O)Nc2ccc(Cl)cn2)CC1,93.26,False,6.3329,False,545.1288383,False,False
COc1cccc(Cn2c(C(=O)NC3CCN(C(C)C)CC3)cc3c(C(=O)N4CCC(F)(F)CC4)cccc32)c1,121.61,False,2.6971,True,514.2095312,False,False
CC(C)N1CCC(NC(=O)c2nc3c(C(=O)NCCO)scc3n2Cc2cc(-c3ccc(Cl)s3)on2)CC1,118.17,False,1.755,False,419.1836508,True,False
COCCOc1nccc2c1nc(C(=O)NC1CCN(C(C)C)CC1)n2CC(=O)Nc1ccc(Br)cn1,66.81,False,5.1721,False,552.2911975,False,False
COC(=O)c1ccc2c(c1)c(C(=O)Nc1ccc(N3CCOCC3=O)cc1)nn2Cc1cc(-c2ccc(Cl)s2)on1,125.52,False,3.8407,True,576.1380231,False,False
CC(C)N1CCC(NC(=O)c2cc3cc(C(=O)N4CCOCC4)ccc3n2CC(=O)Nc2ccc(Cl)cn2)CC1,123.5,False,2.8553,True,573.1699146,False,False
CC(C)N1CCC(NC(=O)c2nc3ccc(OC(C)(C)CO)cc3n2CC(=O)Nc2ccc(Cl)cn2)CC1,128.79,False,4.8566,False,591.0979321,False,False
CC(C)N1CCC(NC(=O)c2cc(C(=O)NCCS(N)(=O)=O)n(Cc3cc(-c4ccc(Cl)s4)on3)n2)CC1,108.8,False,3.4034,True,566.2408313,False,False
CCOC(=O)OC(C)OC(=O)c1ccc2c(c1)c(C(=O)NC1CCN(C(C)C)CC1)nn2Cc1cc(-c2ccc(Cl)s2)on1,121.61,False,3.4757,True,542.2408313,False,False
CC(C)N1CCC(NC(=O)c2nc3cccc(C(=O)O)c3n2Cc2cc3cc(Cl)ccc3s2)CC1,165.45,False,1.9222,False,583.1438367,False,False
COc1ccc(-c2ccc(C(=O)N3CCC(O)(c4ccc5ccnc(N)c5c4)CC3)cc2)cn1,138.02,False,5.733,False,643.1867471,False,False
CC(C)N1CCC(NC(=O)c2cc3cc(OCCO)ncc3n2Cc2cc3ccc(Cl)nc3s2)CC1,87.46,False,5.2535,False,510.1492394,False,False
CC(C)N1CCC(NC(=O)c2cc3c(C(F)(F)F)cccc3n2Cc2cc(-c3ccc(Cl)s3)on2)CC1,101.57,False,4.0114,False,454.2004907,False,False
Nc1ccc2ccc(C3CCN(C(=O)c4ccc(-c5ccc(=O)[nH]c5)cc4)CC3)cc2n1,92.51,False,4.3214,False,527.1757885,False,False
COC(=O)c1cccc2c(C(=O)NC3CCN(C(C)C)CC3)nn(Cc3cc(-c4ccc(Cl)s4)on3)c12,63.3,False,6.6809,False,550.1417094,False,False
CC(C)N1CCC(NC(=O)c2cc3cc(C(=O)OC4CCOC4)ccc3n2Cc2cc(-c3ccc(Cl)s3)on2)CC1,92.08,False,4.1921,False,424.189926,False,False
CC(C)N1CCC(NC(=O)c2nc3c(C(=O)N4CCCOCC4)cccc3n2CC(=O)Nc2ccc(Cl)cn2)CC1,102.49,False,4.8437,False,541.1550531,False,False
CC(C)N1CCC(NC(=O)c2cc(-c3ccco3)n(Cc3cc(-c4ccc(Cl)s4)on3)n2)CC1,98.83,False,5.6078,False,596.1860188,False,False
N=C(N)c1c[nH]c2ccc(CCNC(=O)c3ccc(-n4ccnc4)cc3)cc12,121.69,False,3.1885,True,581.2517303,False,False
CC(C)N1CCC(NC(=O)c2cc3ccccc3n2CC(=O)Nc2ccc(Cl)c(F)c2)CC1,89.33,False,5.1639,False,499.1444884,False,False
COC(=O)c1ccc2c(c1)nc(C(=O)NC1CCN(C(C)C)CC1)n2CCc1ccc(Cl)cc1,112.58,False,2.61017,True,372.1698593,True,False
CC(C)N1CCC(NC(=O)c2nn(Cc3cc(-c4ccc(Cl)s4)on3)c3ccc(C(=O)N(CCO)CCO)cc23)CC1,66.37,False,4.6751,False,470.188482,False,False
O=C(O)c1ccc2c(c1)cc(C(=O)NC1CCN(c3ccncc3F)CC1)n2Cc1cc(-c2ccc(Cl)s2)on1,76.46,False,4.3216,False,482.2084685,False,False
CC(C)N1CCC(NC(=O)c2cc(C(=O)NC3CCN(C(C)C)CC3)n(Cc3cc(-c4ccc(Cl)s4)on3)n2)CC1,136.96,False,3.4839,True,614.2078169,False,False
CC(C)N1CCC(NC(=O)c2cc(C(=O)O)n(CC(=O)Nc3ccc(Cl)cn3)c2)CC1,113.49,False,5.6906,False,579.1143311,False,False
COC(=O)c1ccc2nc(C(=O)NC3CCN(C(C)C)CC3)n(CCc3ccc(Cl)cc3)c2c1,108.53,False,4.5065,False,601.2601868,False,False
O=C(NCc1ccccc1C(=O)NC1CCN(c2ccncc2)CC1)c1ccc(Cl)s1,116.56,False,2.476,True,447.167332,False,False
CC(C)N1CCC(NC(=O)c2cc3ccccc3n2CC(=O)Nc2ccc(C#N)cc2)CC1,76.46,False,4.3216,False,482.2084685,False,False
CC(C)N1CCC(NC(=O)c2cc3cc(C(=O)OCOC(=O)C(C)(C)C)ccc3n2Cc2cc(-c3ccc(Cl)s3)on2)CC1,74.33,False,4.1253,False,454.1230247,False,False
CC(C)N1CCC(NC(=O)c2cc(C(=O)N3CCC3C(=O)O)nn2Cc2cc(-c3ccc(Cl)s3)on2)CC1,90.16,False,3.75428,True,443.2321252,False,False
CNC(=O)CN1CCN(C(=O)c2nc3ccccc3n2CC(=O)Nc2ccc(Cl)cn2)CC1,115.9,False,6.3657,False,640.2122336,False,False
CN(CC1OCCO1)CC1CN(S(=O)(=O)c2cc3ccc(Cl)cc3s2)CC(=O)N1Cc1ccc2c(N)ncnc2c1,133.8,False,3.203,True,560.1608667,False,False
O=C(NC1CCN(c2ccncn2)CC1)c1nc2ccccc2n1Cc1cc(-c2ccc(Cl)s2)on1,112.46,False,1.2272,False,469.1629153,False,False
CC(C)N1CCC(NC(=O)c2nn(Cc3cc(-c4ccc(Cl)s4)on3)c3cc(C(=O)O)ccc23)CC1,131.19,False,2.7865,True,616.1329377,False,False
O=C(Nc1ccc(-n2ccc(=O)cc2)cc1)c1nn(Cc2cc(-c3ccc(Cl)s3)on2)c2ccccc12,101.97,False,4.6433,False,519.1244216,False,False
Nc1ncnc2cc(CN3C(=O)CN(S(=O)(=O)c4cc5ccc(Cl)cc5s4)CC3C(=O)NCCN3CCCC3)ccc12,113.49,False,4.7553,False,527.139403,False,False
COCCOc1cc2cc(C(=O)NC3CCN(C(C)C)CC3)n(CC(=O)Nc3ccc(Br)cn3)c2cn1,94.95,False,5.8577,False,527.0818881,False,False
CC(C)N1CCC(NC(=O)c2cc(C(=O)N3CCSCC3)nn2Cc2cc(-c3ccc(Cl)s3)on2)CC1,63.3,False,4.8835,False,454.1230247,False,False
O=C(NC1CCN(C2CC2)CC1)c1nc2c(n1Cc1cc(-c3ccc(Cl)s3)on1)CCC(C(=O)O)C2,141.83,False,2.6938,True,627.1489221,False,False
CS(=O)(=O)N1CCC(NC(=O)c2cc3ccccc3n2Cc2cc(-c3ccc(Cl)s3)on2)CC1,110.61,False,3.4603,True,572.1746656,False,False
CC(C)N1CC(CNC(=O)c2nccn2Cc2cc(-c3ccc(Cl)s3)on2)C1,96.5,False,4.0929,False,562.1587585,False,False
O=C(NC1CCN(c2ccccc2)CC1)c1nc2ccccc2n1Cc1cc(-c2ccc(Cl)s2)on1,113.49,False,3.8474,True,529.1550531,False,False
CC(C)N1CCC(NC(=O)c2cc3cc(C(=O)O)ccc3n2CCNC(=O)c2ccc(Cl)cc2)CC1,97.44,False,4.2133,False,518.0849249,False,False
COCCOc1cccc2nc(C(=O)N(C)C3CCN(C(C)C)CC3)n(CC(=O)Nc3ccc(Cl)cn3)c12,76.19,False,3.3713,True,419.1182736,True,False
O=C(Cn1c(C(=O)Nc2ccc(N3CCNCC3=O)cc2)nc2ccccc21)Nc1ccc(Cl)cn1,76.19,False,5.8533,False,517.1339237,False,False
CC(C)N1CCC(NC(=O)c2cc3cc(C(=O)N(C)CCO)ccc3n2CC(=O)Nc2ccc(Cl)cn2)CC1,103.67,False,4.0255,False,510.2033832,False,False
C#Cc1ccc(C(=O)NCCC(=O)Nc2ccc(N3CCOCC3=O)cc2)s1,101.82,False,3.6934,True,542.2408313,False,False
CC(C)N1CCC(NC(=O)c2nc3c(C(=O)N(C)CCO)cccc3n2CC(=O)Nc2ccc(Cl)cn2)CC1,63.3,False,5.272,False,468.1386747,False,False
CCOC(=O)CN(C(=O)c1cc2cccc(C)c2n1Cc1cc(-c2ccc(Cl)s2)on1)C1CCN(C(C)C)CC1,121.25,False,2.9119,True,503.1472652,False,False
Cc1c(C(=O)NC2CCN(C(C)C)CC2)n(Cc2cc(-c3ccc(Cl)s3)on2)c2ccccc12,119.8,False,2.9953,True,554.2408313,False,False
CC(C)N1CCC(NC(=O)c2nc3cccc(C(=O)O)c3n2CCc2ccc(Cl)cc2)CC1,87.74,False,1.8512,False,397.1096271,True,False
CC(C)N1CCC(NC(=O)c2cc(C(=O)N3CCCC3C(=O)O)nn2Cc2cc(-c3ccc(Cl)s3)on2)CC1,132.69,False,2.3903,True,555.2360802,False,False
CC(C)N1CCC(NC(=O)c2nc3c(O)nccc3n2CC(=O)Nc2ccc(Cl)cn2)CC1,80.81,False,6.24602,False,582.2067543,False,False
COC(=O)c1cc(-n2ccccc2=O)ccc1NC(=O)CCNC(=O)c1ccc(Cl)s1,63.3,False,5.97052,False,496.1699748,False,False
O=C(NCC1CCN(c2ccncc2)CC1)c1cc(OCCc2ccc(Cl)cc2Cl)cc(C(=O)N2CCOCC2)c1,87.46,False,4.2332,False,468.1928185,False,False
CC(C)N1CCC(NC(=O)c2cnc(-c3cccc(C(F)(F)F)c3)n2Cc2cc(-c3ccc(Cl)s3)on2)CC1,133.8,False,3.5931,True,574.1765168,False,False
CC(C)N1CCC(NC(=O)c2cc3cc(NS(C)(=O)=O)ccc3n2Cc2cc(-c3ccc(Cl)s3)on2)CC1,129.24,False,2.17357,True,455.1085815,False,False
CC(C)N1CCC(NC(=O)c2nc3ccc(OCc4nn[nH]n4)cc3n2CC(=O)Nc2ccc(Cl)cn2)CC1,125.27,False,2.4266,True,471.1785654,False,False
O=C1CN(S(=O)(=O)c2cc3ccc(Cl)cc3s2)CCN1CC1CCN(c2ccccn2)CC1,106.5,False,3.0976,True,459.0655694,False,False
NC(CNC(=O)c1ccc(Cl)s1)C(=O)Nc1ccc(N2CCOCC2=O)c(Cl)c1,84.0,False,5.1287,False,596.1957109,False,False
CC(C)N1CCC(NC(=O)c2cc(C(=O)N(C)C3CCS(=O)(=O)C3)nn2Cc2cc(-c3ccc(Cl)s3)on2)CC1,76.19,False,6.5897,False,577.1526084,False,False
O=C(CN1CCN(C(=O)c2nc3ccccc3n2Cc2cc(-c3ccc(Cl)s3)on2)CC1)N1CCCC1,109.47,False,5.0336,False,575.1427741,False,False
CC(C)C1CN(S(=O)(=O)c2cc3ccc(Cl)cc3[nH]2)CC(=O)N1Cc1ccc2c(N)ncnc2c1,155.84,False,2.4181,True,552.2112625,False,False
COCCN(C)C(=O)c1ccc(C(=O)NC2CCN(C(C)C)CC2)n1Cc1cc(-c2ccc(Cl)s2)on1,73.82,False,3.6992,True,504.1056603,False,False
CC(C)N1CCC(NC(=O)c2cc3cc(C(=O)NCCO)ccc3n2Cc2cc(-c3ccc(Cl)s3)on2)CC1,113.76,False,2.1139,True,456.0425814,False,False
O=C(O)c1ccc2c(c1)nc(C(=O)NC1CCN(C3CC3)CC1)n2Cc1nnc(-c2ccc(Cl)s2)s1,130.64,False,3.163,True,608.1642378,False,False
CCN(CC)C(=O)N1CCN(C(=O)c2nc3ccccc3n2CC(=O)Nc2ccc(Cl)cn2)CC1,87.71,False,3.8347,True,538.1553874,False,False
COCCCNc1cc(C(=O)NC2CCN(C(C)C)CC2)n(CC(=O)Nc2ccc(Cl)cn2)n1,125.28,False,3.4044,True,512.1397373,False,False
Cc1oc(=O)oc1COC(=O)c1cccc2c1cc(C(=O)NC1CCN(C(C)C)CC1)n2Cc1cc(-c2ccc(Cl)s2)on1,92.84,False,4.2273,False,547.2020032,False,False
CC(C)N1CCC(NC(=O)c2nc3cc(C(=O)O)ccc3n2CC(=O)Nc2ccc(Cl)cn2)CC1,112.63,False,4.3842,False,569.1863532,False,False
CC(C)N1CCC(NC(=O)c2nc3c(C(=O)N4CC(O)C4)scc3n2Cc2cc(-c3ccc(Cl)s3)on2)CC1,113.24,False,4.3728,False,542.0961583,False,False
Nc1nccc2cc(CN3CCN(S(=O)(=O)c4cc5ccc(Cl)cc5s4)CC3=O)ccc12,103.67,False,2.943,True,497.1942154,False,False
COC(=O)c1cccc2c1nc(C(=O)Nc1ccc(N3CCOCC3=O)cc1)n2CC(=O)Nc1ccc(Cl)cn1,113.41,False,2.6212,True,491.2411656,False,False
CC(OC(=O)OC1CCCCC1)OC(=O)c1ccc2c(c1)cc(C(=O)NC1CCN(C(C)C)CC1)n2CC(=O)Nc1ccc(Cl)cn1,132.95,False,5.87372,False,638.160198,False,False
CCOCCOCCOc1cccc2c1nc(C(=O)NC1CCN(C(C)C)CC1)n2CC(=O)Nc1ccc(Cl)cn1,129.45,False,3.0242,True,498.178231,False,False
COCCOc1cc2cc(C(=O)NC3CCN(C(C)C)CC3)n(Cc3cccc(OC)c3)c2cn1,116.73,False,3.9353,True,588.1380231,False,False
CC(C)N1CCC(NC(=O)c2nc(C(=O)OCC3CC3)cn2Cc2cc(-c3ccc(Cl)s3)on2)CC1,96.6,False,3.7182,True,486.0587101,False,False
O=C1CN(S(=O)(=O)c2cc3ccc(Cl)cc3s2)CCN1Cc1nc(-c2cccnc2)cs1,144.75,False,3.1255,True,562.1367601,False,False
CC(C)OC(=O)COc1ccc2c(c1)cc(C(=O)NC1CCN(C(C)C)CC1)n2Cc1cc(-c2ccc(Cl)s2)on1,141.09,False,5.9197,False,667.2772764,False,False
CC(C)N1CCC(NC(=O)c2cc(C(=O)N3CCSC3C(=O)O)nn2Cc2cc(-c3ccc(Cl)s3)on2)CC1,119.84,False,3.7579,True,586.267046,False,False
Cc1ccc(C(=O)NCCS(=O)(=O)NC2CCN(C(C)C)CC2)s1,77.85,False,3.721,True,480.2736556,False,False
N=C(N)c1ccc(CNC(=O)C2CCN2C(=O)C(NCC(=O)O)C2CCCCC2)cc1,109.49,False,3.5017,True,501.0696092,False,False
CC(C)N1CCC(NC(=O)c2cc(C(=O)O)nn2CCNC(=O)c2ccc(Cl)cc2)CC1,102.49,False,4.4707,False,531.1707031,False,False
CC(C)N1CCC(NC(=O)c2nc3c(OCCO)cccc3n2Cc2nnc(-c3ccc(Cl)s3)s2)CC1,83.47,False,4.1063,False,504.0151311,False,False
CC(C)N1CCC(NC(=O)c2ccc(C(=O)OCc3ccccc3)n2Cc2cc(-c3ccc(Cl)s3)on2)CC1,98.83,False,5.9925,False,598.2016689,False,False
COc1cccc(Cn2ccnc2C(=O)N2CCN(C3CCN(C)CC3)CC2)c1,99.77,False,3.5815,True,526.1253104,False,False
O=C1CN(S(=O)(=O)c2cc3ccc(Cl)nc3s2)CCN1Cc1nc(C(=O)N2CCOCC2)cs1,133.8,False,3.5036,True,592.1329377,False,False
CC(C)N1CCC(NC(=O)c2nc3csc(C(=O)O)c3n2CC(=O)Nc2ccc(Cl)cn2)CC1,78.51,False,1.57852,False,373.1493837,True,False
CCOC(=O)c1cc(C(=O)N(CC2CC2)C2CCN(C(C)C)CC2)n(CC(=O)Nc2ccc(Cl)cn2)n1,148.61,False,0.81087,False,429.2376045,False,False
CC(C)N1CCC(NC(=O)c2cc(C(=O)N3CCC(O)CC3)nn2Cc2cc(-c3ccc(Cl)s3)on2)CC1,116.56,False,2.2673,True,461.1829821,False,False
NC(CNC(=O)c1ccc(Cl)s1)C(=O)Nc1ccc(N2CCOCC2=O)cc1F,105.4,False,4.2917,False,560.1431085,False,False
CC(C)N1CCC(NC(=O)c2cc3cc(OCCO)ncc3n2CC(=O)Nc2ccc(Br)cn2)CC1,89.6,False,5.8659,False,566.1754542,False,False
CC(C)N1CCC(NC(=O)c2cc(C(=O)N3CCN(CCO)C3=O)nn2Cc2cc(-c3ccc(Cl)s3)on2)CC1,53.84,True,1.792,False,397.2477752,True,False
CC(C)N1CCC(NC(=O)c2nn(Cc3cc(-c4ccc(Cl)s4)on3)c3ccc(C(=O)N4CCC4)cc23)CC1,113.01,False,1.9117,False,541.0315094,False,False
NC(=O)N1CCN(C(=O)c2nc3ccccc3n2CC(=O)Nc2ccc(Cl)cn2)CC1,129.45,False,3.0857,True,504.134652,False,False
Cc1cccc2cc(C(=O)N(CC(=O)O)C3CCN(C(C)C)CC3)n(Cc3cc(-c4ccc(Cl)s4)on3)c12,109.66,False,3.4719,True,530.2408313,False,False
CC(C)N1CCC(NC(=O)c2nc3c(C(=O)OCC4CC4)cccc3n2CC(=O)Nc2ccc(Cl)cn2)CC1,116.73,False,3.5008,True,560.1972522,False,False
O=C(Cn1c(C(=O)NC2CCN(C3CC3)CC2)cc2cc(C(=O)O)ccc21)Nc1ccc(Cl)nc1,113.76,False,1.5996,False,440.072132,False,False
COc1cccc(Cn2c(C(=O)NC3CCN(C(C)C)CC3)cc3c(C(=O)OCCO)cccc32)c1,121.61,False,2.8062,True,558.1590156,False,False
CC(C)N1CCC(NC(=O)c2nc(C(N)=O)cn2Cc2cc(-c3ccc(Cl)s3)on2)CC1,137.04,False,2.774,True,589.1874158,False,False
CC(C)N1CCC(NC(=O)c2cnc(-c3c(F)cccc3F)n2Cc2cc(-c3ccc(Cl)s3)on2)CC1,96.5,False,4.903,False,566.1866875,False,False
CCOC(=O)COc1cccc2c1cc(C(=O)NC1CCN(C(C)C)CC1)n2Cc1cc(-c2ccc(Cl)s2)on1,126.45,False,1.5599,False,441.1316152,False,False
COc1ccc(-c2ccc(C(=O)NCCCc3cc(C(=N)N)ccc3O)cc2)cn1,91.81,False,5.76752,False,554.1754542,False,False
CC(C)N1CCC(NC(=O)c2nc3cccc(C(=O)O)c3n2Cc2cc(-c3ccc(Cl)s3)on2)CC1,118.45,False,3.8928,True,552.2251812,False,False
CC(C)N1CCC(NC(=O)c2nn(Cc3cc(-c4ccc(Cl)s4)on3)cc2C#N)CC1,116.56,False,3.3832,True,495.167332,False,False
CC(C)N1CCC(NC(=O)c2cc(C(=O)N3CCCOCC3)nn2Cc2cc(-c3ccc(Cl)s3)on2)CC1,93.03,False,3.4499,True,493.2576712,False,False
COCCOc1cc2cc(C(=O)NC3CCN(C(C)C)CC3)n(CC(=O)Nc3ccc(F)cn3)c2cn1,119.28,False,3.0028,True,476.1397373,False,False
CC(C)N1CCC(NC(=O)c2cc3c(C(=O)N4CCC(F)(F)CC4)cccc3n2Cc2cc(-c3ccc(Cl)s3)on2)CC1,76.19,False,5.8491,False,545.1463802,False,False
CC(C)N1CCC(NC(=O)c2cccn2Cc2cc(-c3ccc(Cl)s3)on2)CC1,98.83,False,5.604,False,584.1860188,False,False
CC(C)N1CCC(NC(=O)c2cc(C(=O)NC3CC3)nn2Cc2cc(-c3ccc(Cl)s3)on2)CC1,121.32,False,3.10947,True,404.1848406,True,False
CC(C)N1CCC(NC(=O)c2nn(Cc3cc(-c4ccc(Cl)s4)on3)c3ccc(C(=O)NCC(F)F)cc23)CC1,113.49,False,4.7553,False,527.139403,False,False
COc1ccc2ccc(S(=O)(=O)NC3CCN(Cc4cc5c(N)nccc5s4)C3=O)cc2c1,99.98,False,3.77558,True,458.1291727,False,False
O=C(Nc1ccc(-n2ccc(=O)cc2)cc1)c1nc2ccccc2n1Cc1cc(-c2ccc(Cl)s2)on1,105.73,False,3.7664,True,560.1972522,False,False
COc1ccc(-c2ccc(C(=O)N3CCC(c4ccc5ccnc(N)c5c4)CC3)cc2)cn1,110.61,False,2.8369,True,512.2547318,False,False
CN1CCC(N2CCN(C(=O)C(NC(=O)c3ccc4cc[nH]c4c3)c3ccccc3)CC2)CC1,83.61,False,6.5334,False,629.2038951,False,False
CC(C)N1CCC(NC(=O)c2cc3cc(OCCO)ncc3n2Cc2cc3ccc(Cl)cc3s2)CC1,105.39,False,3.7645,True,486.0587101,False,False
CC(C)N1CCC(NC(=O)c2nccn2Cc2cccc(Cl)c2)CC1,63.3,False,4.5089,False,432.1386747,False,False
CC(C)N1CCC(NC(=O)c2cc(C(=O)N3CCC(S(C)(=O)=O)C3)nn2Cc2cc(-c3ccc(Cl)s3)on2)CC1,118.28,False,2.5061,True,453.0929315,False,False
CC(C)N1CCC(NC(=O)c2nc3c(C(=O)O)cccc3n2CC(=O)Nc2ccc(Cl)cn2)CC1,105.29,False,3.7961,True,516.1710375,False,False
O=C(CCNC(=O)c1ccc(Cl)s1)Nc1ccc(N2CCOCC2=O)cc1,105.29,False,5.052,False,590.1678439,False,False
CCC(CC)N1CCC(NC(=O)c2cc3ccccc3n2Cc2cc(-c3ccc(Cl)s3)on2)CC1,114.62,False,3.1197,True,482.1082472,False,False
CC(C)N1CCC(NC(=O)c2nc3ccnc(O)c3n2Cc2cc(-c3ccc(Cl)s3)on2)CC1,94.95,False,5.8577,False,527.0818881,False,False
O=C(NC1CCN(c2ccncc2)CC1)c1nccn1Cc1cc(-c2ccc(Cl)s2)on1,81.34,False,4.9074,False,438.2055761,False,False
CC(C)N1CC(NS(=O)(=O)CCNC(=O)c2ccc(Cl)s2)C1,71.68,False,2.8774,True,459.2634253,False,False
Cc1cc(NC(=O)C(N)CNC(=O)c2ccc(Cl)s2)ccc1N1CCOCC1=O,79.62,False,4.9264,False,526.1805395,False,False
CC(C)CC1CN(S(=O)(=O)c2cc3ccc(Cl)cc3s2)CC(=O)N1Cc1ccc2c(N)ncnc2c1,50.16,True,3.1874,True,360.1716891,True,True
CC(C)N1CCC(NC(=O)c2ccc(C(=O)N3CCCOCC3)n2Cc2cc(-c3ccc(Cl)s3)on2)CC1,130.64,False,3.163,True,608.1642378,False,False
O=C(CCNC(=O)c1ccc(Cl)cc1)Nc1ccc(N2CCOCC2=O)cc1,129.45,False,3.0242,True,498.178231,False,False
COCCOCCn1c(C(=O)NC2CCN(C(C)C)CC2)cc2cc(OCC(=O)Nc3ccc(Cl)cn3)ccc21,87.74,False,2.5233,True,407.0706547,True,False
CC(C)N1CCC(NC(=O)c2nc3c(O)nccc3n2Cc2cc(-c3ccc(Cl)s3)on2)CC1,63.3,False,6.4423,False,510.1856249,False,False
N=C(N)c1cccc(C2CCN(C(=O)c3ccc(-c4cccnc4)cc3)CC2)c1,109.31,False,4.1577,False,500.1397373,False,False
CC(C)N1CCC(NC(=O)c2cc(C(=O)O)nn2CC(=O)Nc2ccc(Cl)cn2)CC1,89.08,False,4.0951,False,468.1135226,False,False
COCCOCc1ncc(C(=O)NC2CCN(C(C)C)CC2)n1Cc1cc(-c2ccc(Cl)s2)on1,78.51,False,1.1433,False,365.0634612,True,False
CCOC(=O)OC(C)OC(=O)c1ccc2nc(C(=O)NC3CCN(C(C)C)CC3)n(CC(=O)Nc3ccc(Cl)cn3)c2c1,113.76,False,1.76892,False,436.0972038,False,False
COC(=O)c1ccc2c(c1)nc(C(=O)NC1CCN(C(C)C)CC1)n2Cc1cccc(OC)c1,109.49,False,4.5279,False,543.1165594,False,False
O=C(NCC1CCN(c2ccncc2)CC1)c1cc(-c2cccs2)nn1Cc1cc(-c2ccc(Cl)s2)on1,92.84,False,4.3714,False,559.2020032,False,False
COc1ccccc1-c1ccc(S(=O)(=O)NC2CCN(Cc3cccc(C(=N)N)c3)C2=O)cc1,87.74,False,2.4618,True,401.1142338,True,False
O=C(Nc1ccc(-c2c[nH]cn2)cc1)c1cc2ccccc2n1Cc1cc(-c2ccc(Cl)s2)on1,125.28,False,3.4044,True,512.1397373,False,False
CC(C)N1CCC(NC(=O)c2nn(Cc3cc(-c4ccc(Cl)s4)on3)c3c(C(=O)O)cccc23)CC1,106.95,False,3.9728,True,571.256147,False,False
COc1ccc2ccc(S(=O)(=O)NC3CCN(Cc4ccc5[nH]c(N)nc5c4)C3=O)cc2c1,109.31,False,4.1577,False,500.1397373,False,False
COc1cccc(Cn2c(C(=O)NC3CCN(C(C)C)CC3)cc3c(C(=O)N(C)CCO)cccc32)c1,83.07,False,4.05247,False,384.1950114,True,False
COCCOc1cccc2c1nc(C(=O)NC1CCN(C(C)C)CC1)n2CC(=O)Nc1ccc(Br)cn1,129.45,False,1.871,False,448.162581,False,False
O=C(NCC(NC1CCOCC1)C(=O)Nc1ccc(N2CCOCC2=O)cc1)c1ccc(Cl)s1,94.65,False,4.0669,False,521.1863532,False,False
CCOC(=O)c1cc(C(=O)NN2CCN(C(C)C)CC2)n(CC(=O)Nc2ccc(Cl)cn2)n1,153.98,False,4.0019,False,614.2255751,False,False
CC(C)N1CCC(NC(=O)c2cc3cc(S(C)(=O)=O)ccc3n2CC(=O)Nc2ccc(Cl)cc2)CC1,85.69,False,3.4824,True,464.2423555,False,False
CC(C)N1CCC(NC(=O)c2c(Cl)c3ccccc3n2Cc2cc(-c3ccc(Cl)s3)on2)CC1,89.08,False,6.0712,False,564.1168937,False,False
CN1C2CCC1CC(NC(=O)c1nc3ccccc3n1Cc1cc(-c3ccc(Cl)s3)on1)C2,125.58,False,2.72567,True,478.1674763,False,False
O=C(O)c1scc2nc(C(=O)NC3CCN(C4CC4)CC3)n(Cc3cc(-c4ccc(Cl)s4)on3)c12,88.74,False,6.7019,False,499.0869735,False,False
O=C(Cn1c(C(=O)NC2CCN(C3CC3)CC2)cc2c(C(=O)O)cccc21)Nc1ccc(Cl)cn1,113.49,False,4.7553,False,527.139403,False,False
CC(C)N1CCC(NC(=O)c2cc(C(=O)N3CCC3)n(Cc3cc(-c4ccc(Cl)s4)on3)n2)CC1,130.41,False,2.3863,True,465.1470752,False,False
CC(C)N1CCN(NC(=O)c2cc(C(=O)O)nn2CC(=O)Nc2ccc(Cl)cn2)CC1,87.04,False,3.3651,True,506.2893057,False,False
CC(C)N1CCC(NC(=O)c2cc(CO)n(CC(=O)Nc3ccc(Cl)cn3)n2)CC1,110.61,False,3.4603,True,572.1746656,False,False
CC(C)N1CCC(NC(=O)c2cc3ccccc3n2CC(=O)Nc2ccc(F)cc2)CC1,109.0,False,2.2704,True,506.1390686,False,False
COC(=O)N1CCC(NC(=O)c2cc3ccccc3n2Cc2cc(-c3ccc(Cl)s3)on2)CC1,121.69,False,1.4177,False,477.1891301,False,False
CC(C)N1CCC(NC(=O)c2cc3cc(C(=O)OC4CCOC4=O)ccc3n2Cc2cc(-c3ccc(Cl)s3)on2)CC1,100.51,False,3.9395,True,530.1754542,False,False
CC(C)N1CCC(NC(=O)c2nc3cccc(OCCO)c3n2CC(=O)Nc2ccc(Br)cn2)CC1,63.3,False,6.3155,False,516.1153524,False,False
CC(C)N1CCC(NC(=O)c2nc3cc(OCc4nn[nH]n4)ccc3n2CC(=O)Nc2ccc(Cl)cn2)CC1,76.19,False,4.8095,False,481.1339237,False,False
COc1ccc2ccc(S(=O)(=O)N(C)C3CCN(Cc4ccc5ccnc(N)c5c4)C3=O)cc2c1,113.49,False,4.5708,False,531.0801739,False,False
O=C(Cn1nc(C(=O)N2CCC(N3CCCC3=O)CC2)c2ccccc21)Nc1ccc(Cl)cn1,116.56,False,3.3832,True,495.167332,False,False
O=C(NCCS(=O)(=O)Nc1ccc(-n2ccncc2=O)cc1)c1ccc(Cl)s1,96.5,False,3.7498,True,516.1710375,False,False
CC(OC(=O)OC1CCCCC1)OC(=O)c1ccc2c(c1)nc(C(=O)NC1CCN(C(C)C)CC1)n2CC(=O)Nc1ccc(Cl)cn1,132.69,False,0.9392,False,449.1578299,False,False
O=C(Nc1ccc(N2CCCCC2)cc1)c1nn(Cc2cc(-c3ccc(Cl)s3)on2)c2ccccc12,112.38,False,1.6651,False,434.1833164,False,False
O=C1CN(S(=O)(=O)c2cc3ccc(Cl)cc3s2)CCN1CC1CCN(c2ccnc(NCCO)n2)CC1,66.37,False,4.0217,False,436.2274544,False,False
CC(C)N1CCC(NC(=O)c2cc3c(C(=O)N4CCC(F)(F)CC4)cccc3n2CC(=O)Nc2ccc(Cl)cn2)CC1,89.6,False,5.0201,False,498.1128539,False,False
COCCN(CCOC)C(=O)c1cc(C(=O)NC2CCN(C(C)C)CC2)n(Cc2cc(-c3ccc(Cl)s3)on2)n1,115.9,False,5.1344,False,610.1652834,False,False
COCCOc1nccc2nc(C(=O)NC3CCN(C(C)C)CC3)n(CC(=O)Nc3ccc(Cl)cn3)c12,121.61,False,2.8062,True,558.1590156,False,False
COCCOCCOc1cc2cc(C(=O)NC3CCN(C(C)C)CC3)n(CC(=O)Nc3ccc(Cl)cn3)c2cn1,155.84,False,2.4181,True,552.2112625,False,False
Nc1ncnc2cc(CN3C(=O)CN(S(=O)(=O)c4cc5ccc(Cl)cc5s4)CC3CN3CCCC3)ccc12,105.83,False,3.4004,True,490.1674763,False,False
